sku,name,price,color,category,gender,fabric,description,stock_count,sizes,image_urls,video_urls
SKU-KANJ-AB7B68,Premium Kanjivaram Saree - Img 0827,4500.0,Unknown,Sarees,Female,Kanjivaram,Beautiful Kanjivaram saree.,10,Free Size,https://hz3mhb-ip-103-214-63-41.tunnelmole.net/static/uploads/sarees/Kanjivaram/IMG_0827.JPG,
SKU-KANJ-2931BE,Premium Kanjivaram Saree - Img 0837,4500.0,Unknown,Sarees,Female,Kanjivaram,Beautiful Kanjivaram saree.,10,Free Size,https://hz3mhb-ip-103-214-63-41.tunnelmole.net/static/uploads/sarees/Kanjivaram/IMG_0837.JPG,
SKU-KANJ-6BA0B0,Premium Kanjivaram Saree - Img 0847,4500.0,Unknown,Sarees,Female,Kanjivaram,Beautiful Kanjivaram saree.,10,Free Size,https://hz3mhb-ip-103-214-63-41.tunnelmole.net/static/uploads/sarees/Kanjivaram/IMG_0847.JPG,
SKU-1GR-C951AF,Premium 1 Gram Gold Silk Saree - Photo-2026-08-03-22-09-21,4500.0,Unknown,Sarees,Female,1 Gram Gold Silk,Beautiful 1 Gram Gold Silk saree.,10,Free Size,https://hz3mhb-ip-103-214-63-41.tunnelmole.net/static/uploads/sarees/1%20Gram%20Gold%20Silk/PHOTO-2026-08-03-22-09-21.jpg,
SKU-1GR-846829,Premium 1 Gram Gold Silk Saree - Photo-2026-08-03-22-09-21 1,4500.0,Unknown,Sarees,Female,1 Gram Gold Silk,Beautiful 1 Gram Gold Silk saree.,10,Free Size,https://hz3mhb-ip-103-214-63-41.tunnelmole.net/static/uploads/sarees/1%20Gram%20Gold%20Silk/PHOTO-2026-08-03-22-09-21_1.jpg,
SKU-1GR-7ADDC2,Premium 1 Gram Gold Silk Saree - Photo-2026-08-03-22-09-22,4500.0,Unknown,Sarees,Female,1 Gram Gold Silk,Beautiful 1 Gram Gold Silk saree.,10,Free Size,https://hz3mhb-ip-103-214-63-41.tunnelmole.net/static/uploads/sarees/1%20Gram%20Gold%20Silk/PHOTO-2026-08-03-22-09-22.jpg,
SKU-1GR-A22C7F,Premium 1 Gram Gold Silk Saree - Photo-2026-08-03-22-09-22 1,4500.0,Unknown,Sarees,Female,1 Gram Gold Silk,Beautiful 1 Gram Gold Silk saree.,10,Free Size,https://hz3mhb-ip-103-214-63-41.tunnelmole.net/static/uploads/sarees/1%20Gram%20Gold%20Silk/PHOTO-2026-08-03-22-09-22_1.jpg,
SKU-1GR-751380,Premium 1 Gram Gold Silk Saree - Photo-2026-08-03-22-09-22 2,4500.0,Unknown,Sarees,Female,1 Gram Gold Silk,Beautiful 1 Gram Gold Silk saree.,10,Free Size,https://hz3mhb-ip-103-214-63-41.tunnelmole.net/static/uploads/sarees/1%20Gram%20Gold%20Silk/PHOTO-2026-08-03-22-09-22_2.jpg,
SKU-1GR-8D2D10,Premium 1 Gram Gold Silk Saree - Photo-2026-08-03-22-09-23,4500.0,Unknown,Sarees,Female,1 Gram Gold Silk,Beautiful 1 Gram Gold Silk saree.,10,Free Size,https://hz3mhb-ip-103-214-63-41.tunnelmole.net/static/uploads/sarees/1%20Gram%20Gold%20Silk/PHOTO-2026-08-03-22-09-23.jpg,
SKU-1GR-06FD9E,Premium 1 Gram Gold Silk Saree - Photo-2026-08-03-22-09-23 1,4500.0,Unknown,Sarees,Female,1 Gram Gold Silk,Beautiful 1 Gram Gold Silk saree.,10,Free Size,https://hz3mhb-ip-103-214-63-41.tunnelmole.net/static/uploads/sarees/1%20Gram%20Gold%20Silk/PHOTO-2026-08-03-22-09-23_1.jpg,
SKU-DHAR-EE7845,Premium Dharmavaram Saree - Photo-2026-08-04-21-31-55,4500.0,Unknown,Sarees,Female,Dharmavaram,Beautiful Dharmavaram saree.,10,Free Size,https://hz3mhb-ip-103-214-63-41.tunnelmole.net/static/uploads/sarees/Dharmavaram/PHOTO-2026-08-04-21-31-55.jpg,
SKU-DHAR-0E5363,Premium Dharmavaram Saree - Photo-2026-08-04-21-31-55 1,4500.0,Unknown,Sarees,Female,Dharmavaram,Beautiful Dharmavaram saree.,10,Free Size,https://hz3mhb-ip-103-214-63-41.tunnelmole.net/static/uploads/sarees/Dharmavaram/PHOTO-2026-08-04-21-31-55_1.jpg,
SKU-DHAR-E120E9,Premium Dharmavaram Saree - Photo-2026-08-04-21-31-56,4500.0,Unknown,Sarees,Female,Dharmavaram,Beautiful Dharmavaram saree.,10,Free Size,https://hz3mhb-ip-103-214-63-41.tunnelmole.net/static/uploads/sarees/Dharmavaram/PHOTO-2026-08-04-21-31-56.jpg,
SKU-DHAR-B3235B,Premium Dharmavaram Saree - Photo-2026-08-04-21-31-56 1,4500.0,Unknown,Sarees,Female,Dharmavaram,Beautiful Dharmavaram saree.,10,Free Size,https://hz3mhb-ip-103-214-63-41.tunnelmole.net/static/uploads/sarees/Dharmavaram/PHOTO-2026-08-04-21-31-56_1.jpg,
SKU-DHAR-F11EC9,Premium Dharmavaram Saree - Photo-2026-08-04-21-31-56 2,4500.0,Unknown,Sarees,Female,Dharmavaram,Beautiful Dharmavaram saree.,10,Free Size,https://hz3mhb-ip-103-214-63-41.tunnelmole.net/static/uploads/sarees/Dharmavaram/PHOTO-2026-08-04-21-31-56_2.jpg,
SKU-DHAR-9A5064,Premium Dharmavaram Saree - Photo-2026-08-04-21-31-57,4500.0,Unknown,Sarees,Female,Dharmavaram,Beautiful Dharmavaram saree.,10,Free Size,https://hz3mhb-ip-103-214-63-41.tunnelmole.net/static/uploads/sarees/Dharmavaram/PHOTO-2026-08-04-21-31-57.jpg,
SKU-DHAR-87E9D5,Premium Dharmavaram Saree - Photo-2026-08-04-21-31-57 1,4500.0,Unknown,Sarees,Female,Dharmavaram,Beautiful Dharmavaram saree.,10,Free Size,https://hz3mhb-ip-103-214-63-41.tunnelmole.net/static/uploads/sarees/Dharmavaram/PHOTO-2026-08-04-21-31-57_1.jpg,
SKU-DHAR-0A84C1,Premium Dharmavaram Saree - Photo-2026-08-04-21-31-58,4500.0,Unknown,Sarees,Female,Dharmavaram,Beautiful Dharmavaram saree.,10,Free Size,https://hz3mhb-ip-103-214-63-41.tunnelmole.net/static/uploads/sarees/Dharmavaram/PHOTO-2026-08-04-21-31-58.jpg,
SKU-DHAR-F5D4D6,Premium Dharmavaram Saree - Photo-2026-08-04-21-31-58 1,4500.0,Unknown,Sarees,Female,Dharmavaram,Beautiful Dharmavaram saree.,10,Free Size,https://hz3mhb-ip-103-214-63-41.tunnelmole.net/static/uploads/sarees/Dharmavaram/PHOTO-2026-08-04-21-31-58_1.jpg,
SKU-DHAR-11FB8B,Premium Dharmavaram Saree - Photo-2026-08-04-21-31-58 2,4500.0,Unknown,Sarees,Female,Dharmavaram,Beautiful Dharmavaram saree.,10,Free Size,https://hz3mhb-ip-103-214-63-41.tunnelmole.net/static/uploads/sarees/Dharmavaram/PHOTO-2026-08-04-21-31-58_2.jpg,
SKU-DHAR-80C060,Premium Dharmavaram Saree - Photo-2026-08-04-21-31-59,4500.0,Unknown,Sarees,Female,Dharmavaram,Beautiful Dharmavaram saree.,10,Free Size,https://hz3mhb-ip-103-214-63-41.tunnelmole.net/static/uploads/sarees/Dharmavaram/PHOTO-2026-08-04-21-31-59.jpg,
SKU-DHAR-35DF32,Premium Dharmavaram Saree - Photo-2026-08-04-21-31-59 1,4500.0,Unknown,Sarees,Female,Dharmavaram,Beautiful Dharmavaram saree.,10,Free Size,https://hz3mhb-ip-103-214-63-41.tunnelmole.net/static/uploads/sarees/Dharmavaram/PHOTO-2026-08-04-21-31-59_1.jpg,
SKU-DHAR-A1E8F8,Premium Dharmavaram Saree - Photo-2026-08-04-21-31-59 2,4500.0,Unknown,Sarees,Female,Dharmavaram,Beautiful Dharmavaram saree.,10,Free Size,https://hz3mhb-ip-103-214-63-41.tunnelmole.net/static/uploads/sarees/Dharmavaram/PHOTO-2026-08-04-21-31-59_2.jpg,
SKU-DHAR-CD0CB3,Premium Dharmavaram Saree - Photo-2026-08-04-21-32-00,4500.0,Unknown,Sarees,Female,Dharmavaram,Beautiful Dharmavaram saree.,10,Free Size,https://hz3mhb-ip-103-214-63-41.tunnelmole.net/static/uploads/sarees/Dharmavaram/PHOTO-2026-08-04-21-32-00.jpg,
SKU-DHAR-BDFDE5,Premium Dharmavaram Saree - Photo-2026-08-04-21-32-00 1,4500.0,Unknown,Sarees,Female,Dharmavaram,Beautiful Dharmavaram saree.,10,Free Size,https://hz3mhb-ip-103-214-63-41.tunnelmole.net/static/uploads/sarees/Dharmavaram/PHOTO-2026-08-04-21-32-00_1.jpg,
SKU-DHAR-F46983,Premium Dharmavaram Saree - Photo-2026-08-04-21-32-00 2,4500.0,Unknown,Sarees,Female,Dharmavaram,Beautiful Dharmavaram saree.,10,Free Size,https://hz3mhb-ip-103-214-63-41.tunnelmole.net/static/uploads/sarees/Dharmavaram/PHOTO-2026-08-04-21-32-00_2.jpg,
SKU-DHAR-C902FD,Premium Dharmavaram Saree - Photo-2026-08-04-21-32-01,4500.0,Unknown,Sarees,Female,Dharmavaram,Beautiful Dharmavaram saree.,10,Free Size,https://hz3mhb-ip-103-214-63-41.tunnelmole.net/static/uploads/sarees/Dharmavaram/PHOTO-2026-08-04-21-32-01.jpg,
SKU-DHAR-A26755,Premium Dharmavaram Saree - Photo-2026-08-04-21-32-01 1,4500.0,Unknown,Sarees,Female,Dharmavaram,Beautiful Dharmavaram saree.,10,Free Size,https://hz3mhb-ip-103-214-63-41.tunnelmole.net/static/uploads/sarees/Dharmavaram/PHOTO-2026-08-04-21-32-01_1.jpg,
SKU-DHAR-647DEF,Premium Dharmavaram Saree - Photo-2026-08-04-21-32-01 2,4500.0,Unknown,Sarees,Female,Dharmavaram,Beautiful Dharmavaram saree.,10,Free Size,https://hz3mhb-ip-103-214-63-41.tunnelmole.net/static/uploads/sarees/Dharmavaram/PHOTO-2026-08-04-21-32-01_2.jpg,
SKU-DHAR-37D852,Premium Dharmavaram Saree - Photo-2026-08-04-21-32-02,4500.0,Unknown,Sarees,Female,Dharmavaram,Beautiful Dharmavaram saree.,10,Free Size,https://hz3mhb-ip-103-214-63-41.tunnelmole.net/static/uploads/sarees/Dharmavaram/PHOTO-2026-08-04-21-32-02.jpg,
SKU-DHAR-23E0F3,Premium Dharmavaram Saree - Photo-2026-08-04-21-32-02 1,4500.0,Unknown,Sarees,Female,Dharmavaram,Beautiful Dharmavaram saree.,10,Free Size,https://hz3mhb-ip-103-214-63-41.tunnelmole.net/static/uploads/sarees/Dharmavaram/PHOTO-2026-08-04-21-32-02_1.jpg,
SKU-DHAR-2A28EA,Premium Dharmavaram Saree - Photo-2026-08-04-21-32-03,4500.0,Unknown,Sarees,Female,Dharmavaram,Beautiful Dharmavaram saree.,10,Free Size,https://hz3mhb-ip-103-214-63-41.tunnelmole.net/static/uploads/sarees/Dharmavaram/PHOTO-2026-08-04-21-32-03.jpg,
SKU-DHAR-4EA1A0,Premium Dharmavaram Saree - Photo-2026-08-04-21-32-03 1,4500.0,Unknown,Sarees,Female,Dharmavaram,Beautiful Dharmavaram saree.,10,Free Size,https://hz3mhb-ip-103-214-63-41.tunnelmole.net/static/uploads/sarees/Dharmavaram/PHOTO-2026-08-04-21-32-03_1.jpg,
SKU-DHAR-06A542,Premium Dharmavaram Saree - Photo-2026-08-04-21-32-03 2,4500.0,Unknown,Sarees,Female,Dharmavaram,Beautiful Dharmavaram saree.,10,Free Size,https://hz3mhb-ip-103-214-63-41.tunnelmole.net/static/uploads/sarees/Dharmavaram/PHOTO-2026-08-04-21-32-03_2.jpg,
SKU-DHAR-E3DC2E,Premium Dharmavaram Saree - Photo-2026-08-04-21-32-04,4500.0,Unknown,Sarees,Female,Dharmavaram,Beautiful Dharmavaram saree.,10,Free Size,https://hz3mhb-ip-103-214-63-41.tunnelmole.net/static/uploads/sarees/Dharmavaram/PHOTO-2026-08-04-21-32-04.jpg,
SKU-DHAR-E9A014,Premium Dharmavaram Saree - Photo-2026-08-04-21-32-04 1,4500.0,Unknown,Sarees,Female,Dharmavaram,Beautiful Dharmavaram saree.,10,Free Size,https://hz3mhb-ip-103-214-63-41.tunnelmole.net/static/uploads/sarees/Dharmavaram/PHOTO-2026-08-04-21-32-04_1.jpg,
SKU-DHAR-D704BF,Premium Dharmavaram Saree - Photo-2026-08-04-21-32-04 2,4500.0,Unknown,Sarees,Female,Dharmavaram,Beautiful Dharmavaram saree.,10,Free Size,https://hz3mhb-ip-103-214-63-41.tunnelmole.net/static/uploads/sarees/Dharmavaram/PHOTO-2026-08-04-21-32-04_2.jpg,
SKU-DHAR-CBA63C,Premium Dharmavaram Saree - Photo-2026-08-04-21-32-05,4500.0,Unknown,Sarees,Female,Dharmavaram,Beautiful Dharmavaram saree.,10,Free Size,https://hz3mhb-ip-103-214-63-41.tunnelmole.net/static/uploads/sarees/Dharmavaram/PHOTO-2026-08-04-21-32-05.jpg,
SKU-DHAR-A327EF,Premium Dharmavaram Saree - Photo-2026-08-04-21-32-05 1,4500.0,Unknown,Sarees,Female,Dharmavaram,Beautiful Dharmavaram saree.,10,Free Size,https://hz3mhb-ip-103-214-63-41.tunnelmole.net/static/uploads/sarees/Dharmavaram/PHOTO-2026-08-04-21-32-05_1.jpg,
SKU-DHAR-70AB2D,Premium Dharmavaram Saree - Photo-2026-08-04-21-32-05 2,4500.0,Unknown,Sarees,Female,Dharmavaram,Beautiful Dharmavaram saree.,10,Free Size,https://hz3mhb-ip-103-214-63-41.tunnelmole.net/static/uploads/sarees/Dharmavaram/PHOTO-2026-08-04-21-32-05_2.jpg,
SKU-DHAR-91FFEF,Premium Dharmavaram Saree - Photo-2026-08-04-21-32-06,4500.0,Unknown,Sarees,Female,Dharmavaram,Beautiful Dharmavaram saree.,10,Free Size,https://hz3mhb-ip-103-214-63-41.tunnelmole.net/static/uploads/sarees/Dharmavaram/PHOTO-2026-08-04-21-32-06.jpg,
SKU-DHAR-95D988,Premium Dharmavaram Saree - Photo-2026-08-04-21-32-06 1,4500.0,Unknown,Sarees,Female,Dharmavaram,Beautiful Dharmavaram saree.,10,Free Size,https://hz3mhb-ip-103-214-63-41.tunnelmole.net/static/uploads/sarees/Dharmavaram/PHOTO-2026-08-04-21-32-06_1.jpg,
SKU-DHAR-5D71AC,Premium Dharmavaram Saree - Photo-2026-08-04-21-32-06 2,4500.0,Unknown,Sarees,Female,Dharmavaram,Beautiful Dharmavaram saree.,10,Free Size,https://hz3mhb-ip-103-214-63-41.tunnelmole.net/static/uploads/sarees/Dharmavaram/PHOTO-2026-08-04-21-32-06_2.jpg,
SKU-KANC-4CAB9B,Premium Kanchipuram_pure Saree - Photo-2026-07-24-20-16-08,4500.0,Unknown,Sarees,Female,Kanchipuram_pure,Beautiful Kanchipuram_pure saree.,10,Free Size,https://hz3mhb-ip-103-214-63-41.tunnelmole.net/static/uploads/sarees/Kanchipuram_pure/PHOTO-2026-07-24-20-16-08.jpg,
SKU-KANC-A03BBF,Premium Kanchipuram_pure Saree - Photo-2026-07-24-20-16-08 1,4500.0,Unknown,Sarees,Female,Kanchipuram_pure,Beautiful Kanchipuram_pure saree.,10,Free Size,https://hz3mhb-ip-103-214-63-41.tunnelmole.net/static/uploads/sarees/Kanchipuram_pure/PHOTO-2026-07-24-20-16-08_1.jpg,
SKU-KANC-8B584A,Premium Kanchipuram_pure Saree - Photo-2026-07-24-20-16-08 2,4500.0,Unknown,Sarees,Female,Kanchipuram_pure,Beautiful Kanchipuram_pure saree.,10,Free Size,https://hz3mhb-ip-103-214-63-41.tunnelmole.net/static/uploads/sarees/Kanchipuram_pure/PHOTO-2026-07-24-20-16-08_2.jpg,
SKU-KANC-DE10DE,Premium Kanchipuram_pure Saree - Photo-2026-07-24-20-16-09,4500.0,Unknown,Sarees,Female,Kanchipuram_pure,Beautiful Kanchipuram_pure saree.,10,Free Size,https://hz3mhb-ip-103-214-63-41.tunnelmole.net/static/uploads/sarees/Kanchipuram_pure/PHOTO-2026-07-24-20-16-09.jpg,
SKU-KANC-07094A,Premium Kanchipuram_pure Saree - Photo-2026-07-24-20-16-09 1,4500.0,Unknown,Sarees,Female,Kanchipuram_pure,Beautiful Kanchipuram_pure saree.,10,Free Size,https://hz3mhb-ip-103-214-63-41.tunnelmole.net/static/uploads/sarees/Kanchipuram_pure/PHOTO-2026-07-24-20-16-09_1.jpg,
SKU-KANC-F901E1,Premium Kanchipuram_pure Saree - Photo-2026-07-24-20-16-09 2,4500.0,Unknown,Sarees,Female,Kanchipuram_pure,Beautiful Kanchipuram_pure saree.,10,Free Size,https://hz3mhb-ip-103-214-63-41.tunnelmole.net/static/uploads/sarees/Kanchipuram_pure/PHOTO-2026-07-24-20-16-09_2.jpg,
SKU-KANC-02B2B1,Premium Kanchipuram_pure Saree - Photo-2026-07-24-20-16-10,4500.0,Unknown,Sarees,Female,Kanchipuram_pure,Beautiful Kanchipuram_pure saree.,10,Free Size,https://hz3mhb-ip-103-214-63-41.tunnelmole.net/static/uploads/sarees/Kanchipuram_pure/PHOTO-2026-07-24-20-16-10.jpg,
SKU-KANC-237856,Premium Kanchipuram_pure Saree - Photo-2026-07-24-20-16-10 1,4500.0,Unknown,Sarees,Female,Kanchipuram_pure,Beautiful Kanchipuram_pure saree.,10,Free Size,https://hz3mhb-ip-103-214-63-41.tunnelmole.net/static/uploads/sarees/Kanchipuram_pure/PHOTO-2026-07-24-20-16-10_1.jpg,
SKU-KANC-0E1185,Premium Kanchipuram_pure Saree - Photo-2026-07-24-20-16-10 2,4500.0,Unknown,Sarees,Female,Kanchipuram_pure,Beautiful Kanchipuram_pure saree.,10,Free Size,https://hz3mhb-ip-103-214-63-41.tunnelmole.net/static/uploads/sarees/Kanchipuram_pure/PHOTO-2026-07-24-20-16-10_2.jpg,
SKU-KANC-3D0903,Premium Kanchipuram_pure Saree - Photo-2026-07-24-20-16-12,4500.0,Unknown,Sarees,Female,Kanchipuram_pure,Beautiful Kanchipuram_pure saree.,10,Free Size,https://hz3mhb-ip-103-214-63-41.tunnelmole.net/static/uploads/sarees/Kanchipuram_pure/PHOTO-2026-07-24-20-16-12.jpg,
SKU-KANC-929E1A,Premium Kanchipuram_pure Saree - Photo-2026-07-24-20-16-12 1,4500.0,Unknown,Sarees,Female,Kanchipuram_pure,Beautiful Kanchipuram_pure saree.,10,Free Size,https://hz3mhb-ip-103-214-63-41.tunnelmole.net/static/uploads/sarees/Kanchipuram_pure/PHOTO-2026-07-24-20-16-12_1.jpg,
SKU-KANC-6136C5,Premium Kanchipuram_pure Saree - Photo-2026-07-24-20-16-13,4500.0,Unknown,Sarees,Female,Kanchipuram_pure,Beautiful Kanchipuram_pure saree.,10,Free Size,https://hz3mhb-ip-103-214-63-41.tunnelmole.net/static/uploads/sarees/Kanchipuram_pure/PHOTO-2026-07-24-20-16-13.jpg,
SKU-KANC-BCDCDA,Premium Kanchipuram_pure Saree - Photo-2026-07-24-20-16-13 1,4500.0,Unknown,Sarees,Female,Kanchipuram_pure,Beautiful Kanchipuram_pure saree.,10,Free Size,https://hz3mhb-ip-103-214-63-41.tunnelmole.net/static/uploads/sarees/Kanchipuram_pure/PHOTO-2026-07-24-20-16-13_1.jpg,
SKU-KANC-87ADBE,Premium Kanchipuram_pure Saree - Photo-2026-07-24-20-16-14,4500.0,Unknown,Sarees,Female,Kanchipuram_pure,Beautiful Kanchipuram_pure saree.,10,Free Size,https://hz3mhb-ip-103-214-63-41.tunnelmole.net/static/uploads/sarees/Kanchipuram_pure/PHOTO-2026-07-24-20-16-14.jpg,
SKU-KANC-1C9AAA,Premium Kanchipuram_pure Saree - Photo-2026-07-24-20-16-14 1,4500.0,Unknown,Sarees,Female,Kanchipuram_pure,Beautiful Kanchipuram_pure saree.,10,Free Size,https://hz3mhb-ip-103-214-63-41.tunnelmole.net/static/uploads/sarees/Kanchipuram_pure/PHOTO-2026-07-24-20-16-14_1.jpg,
SKU-KANC-A2F955,Premium Kanchipuram_semi Saree - Photo-2026-07-07-19-54-23,4500.0,Unknown,Sarees,Female,Kanchipuram_semi,Beautiful Kanchipuram_semi saree.,10,Free Size,https://hz3mhb-ip-103-214-63-41.tunnelmole.net/static/uploads/sarees/Kanchipuram_semi/PHOTO-2026-07-07-19-54-23.jpg,
SKU-KANC-664EE1,Premium Kanchipuram_semi Saree - Photo-2026-07-07-19-54-24,4500.0,Unknown,Sarees,Female,Kanchipuram_semi,Beautiful Kanchipuram_semi saree.,10,Free Size,https://hz3mhb-ip-103-214-63-41.tunnelmole.net/static/uploads/sarees/Kanchipuram_semi/PHOTO-2026-07-07-19-54-24.jpg,
SKU-KANC-4AC2E6,Premium Kanchipuram_semi Saree - Photo-2026-07-07-19-54-32,4500.0,Unknown,Sarees,Female,Kanchipuram_semi,Beautiful Kanchipuram_semi saree.,10,Free Size,https://hz3mhb-ip-103-214-63-41.tunnelmole.net/static/uploads/sarees/Kanchipuram_semi/PHOTO-2026-07-07-19-54-32.jpg,
SKU-KANC-9E5829,Premium Kanchipuram_semi Saree - Photo-2026-07-07-19-54-33,4500.0,Unknown,Sarees,Female,Kanchipuram_semi,Beautiful Kanchipuram_semi saree.,10,Free Size,https://hz3mhb-ip-103-214-63-41.tunnelmole.net/static/uploads/sarees/Kanchipuram_semi/PHOTO-2026-07-07-19-54-33.jpg,
SKU-KANC-F495CB,Premium Kanchipuram_semi Saree - Photo-2026-07-07-19-54-33 1,4500.0,Unknown,Sarees,Female,Kanchipuram_semi,Beautiful Kanchipuram_semi saree.,10,Free Size,https://hz3mhb-ip-103-214-63-41.tunnelmole.net/static/uploads/sarees/Kanchipuram_semi/PHOTO-2026-07-07-19-54-33_1.jpg,
SKU-KANC-A8F03C,Premium Kanchipuram_semi Saree - Photo-2026-07-07-19-54-33 2,4500.0,Unknown,Sarees,Female,Kanchipuram_semi,Beautiful Kanchipuram_semi saree.,10,Free Size,https://hz3mhb-ip-103-214-63-41.tunnelmole.net/static/uploads/sarees/Kanchipuram_semi/PHOTO-2026-07-07-19-54-33_2.jpg,
SKU-KANC-3D5F8C,Premium Kanchipuram_semi Saree - Photo-2026-07-07-19-54-34,4500.0,Unknown,Sarees,Female,Kanchipuram_semi,Beautiful Kanchipuram_semi saree.,10,Free Size,https://hz3mhb-ip-103-214-63-41.tunnelmole.net/static/uploads/sarees/Kanchipuram_semi/PHOTO-2026-07-07-19-54-34.jpg,
SKU-KANC-441BDB,Premium Kanchipuram_semi Saree - Photo-2026-07-07-19-54-36,4500.0,Unknown,Sarees,Female,Kanchipuram_semi,Beautiful Kanchipuram_semi saree.,10,Free Size,https://hz3mhb-ip-103-214-63-41.tunnelmole.net/static/uploads/sarees/Kanchipuram_semi/PHOTO-2026-07-07-19-54-36.jpg,
SKU-KANC-14472B,Premium Kanchipuram_semi Saree - Photo-2026-07-07-19-54-42,4500.0,Unknown,Sarees,Female,Kanchipuram_semi,Beautiful Kanchipuram_semi saree.,10,Free Size,https://hz3mhb-ip-103-214-63-41.tunnelmole.net/static/uploads/sarees/Kanchipuram_semi/PHOTO-2026-07-07-19-54-42.jpg,
SKU-KANC-34F473,Premium Kanchipuram_semi Saree - Photo-2026-07-07-19-54-42 1,4500.0,Unknown,Sarees,Female,Kanchipuram_semi,Beautiful Kanchipuram_semi saree.,10,Free Size,https://hz3mhb-ip-103-214-63-41.tunnelmole.net/static/uploads/sarees/Kanchipuram_semi/PHOTO-2026-07-07-19-54-42_1.jpg,
SKU-KANC-8B9A76,Premium Kanchipuram_semi Saree - Photo-2026-07-07-19-54-42 2,4500.0,Unknown,Sarees,Female,Kanchipuram_semi,Beautiful Kanchipuram_semi saree.,10,Free Size,https://hz3mhb-ip-103-214-63-41.tunnelmole.net/static/uploads/sarees/Kanchipuram_semi/PHOTO-2026-07-07-19-54-42_2.jpg,
SKU-KANC-3ACED7,Premium Kanchipuram_semi Saree - Photo-2026-07-07-19-54-43,4500.0,Unknown,Sarees,Female,Kanchipuram_semi,Beautiful Kanchipuram_semi saree.,10,Free Size,https://hz3mhb-ip-103-214-63-41.tunnelmole.net/static/uploads/sarees/Kanchipuram_semi/PHOTO-2026-07-07-19-54-43.jpg,
SKU-KANC-068CFB,Premium Kanchipuram_semi Saree - Photo-2026-07-07-19-54-43 1,4500.0,Unknown,Sarees,Female,Kanchipuram_semi,Beautiful Kanchipuram_semi saree.,10,Free Size,https://hz3mhb-ip-103-214-63-41.tunnelmole.net/static/uploads/sarees/Kanchipuram_semi/PHOTO-2026-07-07-19-54-43_1.jpg,
SKU-KANC-0ACF76,Premium Kanchipuram_semi Saree - Photo-2026-07-07-19-54-43 2,4500.0,Unknown,Sarees,Female,Kanchipuram_semi,Beautiful Kanchipuram_semi saree.,10,Free Size,https://hz3mhb-ip-103-214-63-41.tunnelmole.net/static/uploads/sarees/Kanchipuram_semi/PHOTO-2026-07-07-19-54-43_2.jpg,
SKU-KANC-CCC4F7,Premium Kanchipuram_semi Saree - Photo-2026-07-07-19-54-44,4500.0,Unknown,Sarees,Female,Kanchipuram_semi,Beautiful Kanchipuram_semi saree.,10,Free Size,https://hz3mhb-ip-103-214-63-41.tunnelmole.net/static/uploads/sarees/Kanchipuram_semi/PHOTO-2026-07-07-19-54-44.jpg,
SKU-KANC-88B949,Premium Kanchipuram_semi Saree - Photo-2026-07-07-19-54-44 1,4500.0,Unknown,Sarees,Female,Kanchipuram_semi,Beautiful Kanchipuram_semi saree.,10,Free Size,https://hz3mhb-ip-103-214-63-41.tunnelmole.net/static/uploads/sarees/Kanchipuram_semi/PHOTO-2026-07-07-19-54-44_1.jpg,
SKU-KANC-FBEE69,Premium Kanchipuram_semi Saree - Photo-2026-07-07-19-54-44 2,4500.0,Unknown,Sarees,Female,Kanchipuram_semi,Beautiful Kanchipuram_semi saree.,10,Free Size,https://hz3mhb-ip-103-214-63-41.tunnelmole.net/static/uploads/sarees/Kanchipuram_semi/PHOTO-2026-07-07-19-54-44_2.jpg,
SKU-KANC-A0B385,Premium Kanchipuram_semi Saree - Photo-2026-07-07-19-54-45,4500.0,Unknown,Sarees,Female,Kanchipuram_semi,Beautiful Kanchipuram_semi saree.,10,Free Size,https://hz3mhb-ip-103-214-63-41.tunnelmole.net/static/uploads/sarees/Kanchipuram_semi/PHOTO-2026-07-07-19-54-45.jpg,
SKU-KANC-E78D62,Premium Kanchipuram_semi Saree - Photo-2026-07-07-19-54-45 1,4500.0,Unknown,Sarees,Female,Kanchipuram_semi,Beautiful Kanchipuram_semi saree.,10,Free Size,https://hz3mhb-ip-103-214-63-41.tunnelmole.net/static/uploads/sarees/Kanchipuram_semi/PHOTO-2026-07-07-19-54-45_1.jpg,
SKU-KANC-3DAFC5,Premium Kanchipuram_semi Saree - Photo-2026-07-07-19-54-45 2,4500.0,Unknown,Sarees,Female,Kanchipuram_semi,Beautiful Kanchipuram_semi saree.,10,Free Size,https://hz3mhb-ip-103-214-63-41.tunnelmole.net/static/uploads/sarees/Kanchipuram_semi/PHOTO-2026-07-07-19-54-45_2.jpg,
SKU-KANC-15FBEC,Premium Kanchipuram_semi Saree - Photo-2026-07-07-19-54-46,4500.0,Unknown,Sarees,Female,Kanchipuram_semi,Beautiful Kanchipuram_semi saree.,10,Free Size,https://hz3mhb-ip-103-214-63-41.tunnelmole.net/static/uploads/sarees/Kanchipuram_semi/PHOTO-2026-07-07-19-54-46.jpg,
SKU-KANC-D802BA,Premium Kanchipuram_semi Saree - Photo-2026-07-07-19-54-46 1,4500.0,Unknown,Sarees,Female,Kanchipuram_semi,Beautiful Kanchipuram_semi saree.,10,Free Size,https://hz3mhb-ip-103-214-63-41.tunnelmole.net/static/uploads/sarees/Kanchipuram_semi/PHOTO-2026-07-07-19-54-46_1.jpg,
SKU-KANC-B315A6,Premium Kanchipuram_semi Saree - Photo-2026-07-07-19-54-46 2,4500.0,Unknown,Sarees,Female,Kanchipuram_semi,Beautiful Kanchipuram_semi saree.,10,Free Size,https://hz3mhb-ip-103-214-63-41.tunnelmole.net/static/uploads/sarees/Kanchipuram_semi/PHOTO-2026-07-07-19-54-46_2.jpg,
SKU-KANC-D3E80D,Premium Kanchipuram_semi Saree - Photo-2026-07-07-19-54-47,4500.0,Unknown,Sarees,Female,Kanchipuram_semi,Beautiful Kanchipuram_semi saree.,10,Free Size,https://hz3mhb-ip-103-214-63-41.tunnelmole.net/static/uploads/sarees/Kanchipuram_semi/PHOTO-2026-07-07-19-54-47.jpg,
SKU-KANC-B0F282,Premium Kanchipuram_semi Saree - Photo-2026-07-07-19-54-47 1,4500.0,Unknown,Sarees,Female,Kanchipuram_semi,Beautiful Kanchipuram_semi saree.,10,Free Size,https://hz3mhb-ip-103-214-63-41.tunnelmole.net/static/uploads/sarees/Kanchipuram_semi/PHOTO-2026-07-07-19-54-47_1.jpg,
SKU-KANC-C72F73,Premium Kanchipuram_semi Saree - Photo-2026-07-07-19-54-47 2,4500.0,Unknown,Sarees,Female,Kanchipuram_semi,Beautiful Kanchipuram_semi saree.,10,Free Size,https://hz3mhb-ip-103-214-63-41.tunnelmole.net/static/uploads/sarees/Kanchipuram_semi/PHOTO-2026-07-07-19-54-47_2.jpg,
SKU-KANC-489A38,Premium Kanchipuram_semi Saree - Photo-2026-07-07-19-54-48,4500.0,Unknown,Sarees,Female,Kanchipuram_semi,Beautiful Kanchipuram_semi saree.,10,Free Size,https://hz3mhb-ip-103-214-63-41.tunnelmole.net/static/uploads/sarees/Kanchipuram_semi/PHOTO-2026-07-07-19-54-48.jpg,
SKU-KANC-B3EF8D,Premium Kanchipuram_semi Saree - Photo-2026-07-07-19-54-48 1,4500.0,Unknown,Sarees,Female,Kanchipuram_semi,Beautiful Kanchipuram_semi saree.,10,Free Size,https://hz3mhb-ip-103-214-63-41.tunnelmole.net/static/uploads/sarees/Kanchipuram_semi/PHOTO-2026-07-07-19-54-48_1.jpg,
SKU-KANC-0AD641,Premium Kanchipuram_semi Saree - Photo-2026-07-07-19-54-49,4500.0,Unknown,Sarees,Female,Kanchipuram_semi,Beautiful Kanchipuram_semi saree.,10,Free Size,https://hz3mhb-ip-103-214-63-41.tunnelmole.net/static/uploads/sarees/Kanchipuram_semi/PHOTO-2026-07-07-19-54-49.jpg,
SKU-KANC-9DBF8B,Premium Kanchipuram_semi Saree - Photo-2026-07-07-19-54-49 1,4500.0,Unknown,Sarees,Female,Kanchipuram_semi,Beautiful Kanchipuram_semi saree.,10,Free Size,https://hz3mhb-ip-103-214-63-41.tunnelmole.net/static/uploads/sarees/Kanchipuram_semi/PHOTO-2026-07-07-19-54-49_1.jpg,
SKU-KANC-692322,Premium Kanchipuram_semi Saree - Photo-2026-07-07-19-54-49 2,4500.0,Unknown,Sarees,Female,Kanchipuram_semi,Beautiful Kanchipuram_semi saree.,10,Free Size,https://hz3mhb-ip-103-214-63-41.tunnelmole.net/static/uploads/sarees/Kanchipuram_semi/PHOTO-2026-07-07-19-54-49_2.jpg,
SKU-KANC-0E4FC9,Premium Kanchipuram_semi Saree - Photo-2026-07-07-19-54-50,4500.0,Unknown,Sarees,Female,Kanchipuram_semi,Beautiful Kanchipuram_semi saree.,10,Free Size,https://hz3mhb-ip-103-214-63-41.tunnelmole.net/static/uploads/sarees/Kanchipuram_semi/PHOTO-2026-07-07-19-54-50.jpg,
SKU-KANC-D41ADC,Premium Kanchipuram_semi Saree - Photo-2026-07-07-19-54-50 1,4500.0,Unknown,Sarees,Female,Kanchipuram_semi,Beautiful Kanchipuram_semi saree.,10,Free Size,https://hz3mhb-ip-103-214-63-41.tunnelmole.net/static/uploads/sarees/Kanchipuram_semi/PHOTO-2026-07-07-19-54-50_1.jpg,
SKU-KANC-F3B8D4,Premium Kanchipuram_semi Saree - Photo-2026-07-07-19-54-50 2,4500.0,Unknown,Sarees,Female,Kanchipuram_semi,Beautiful Kanchipuram_semi saree.,10,Free Size,https://hz3mhb-ip-103-214-63-41.tunnelmole.net/static/uploads/sarees/Kanchipuram_semi/PHOTO-2026-07-07-19-54-50_2.jpg,
SKU-KANC-C46C3E,Premium Kanchipuram_semi Saree - Photo-2026-07-07-19-54-51,4500.0,Unknown,Sarees,Female,Kanchipuram_semi,Beautiful Kanchipuram_semi saree.,10,Free Size,https://hz3mhb-ip-103-214-63-41.tunnelmole.net/static/uploads/sarees/Kanchipuram_semi/PHOTO-2026-07-07-19-54-51.jpg,
SKU-KANC-65DBCF,Premium Kanchipuram_semi Saree - Photo-2026-07-07-19-54-52,4500.0,Unknown,Sarees,Female,Kanchipuram_semi,Beautiful Kanchipuram_semi saree.,10,Free Size,https://hz3mhb-ip-103-214-63-41.tunnelmole.net/static/uploads/sarees/Kanchipuram_semi/PHOTO-2026-07-07-19-54-52.jpg,
SKU-KANC-EC2B7D,Premium Kanchipuram_semi Saree - Photo-2026-07-07-19-54-52 1,4500.0,Unknown,Sarees,Female,Kanchipuram_semi,Beautiful Kanchipuram_semi saree.,10,Free Size,https://hz3mhb-ip-103-214-63-41.tunnelmole.net/static/uploads/sarees/Kanchipuram_semi/PHOTO-2026-07-07-19-54-52_1.jpg,
SKU-KANC-8A6C5D,Premium Kanchipuram_semi Saree - Photo-2026-07-07-19-54-52 2,4500.0,Unknown,Sarees,Female,Kanchipuram_semi,Beautiful Kanchipuram_semi saree.,10,Free Size,https://hz3mhb-ip-103-214-63-41.tunnelmole.net/static/uploads/sarees/Kanchipuram_semi/PHOTO-2026-07-07-19-54-52_2.jpg,
SKU-KANJ-998DB7,Premium Kanjivaram Saree - Photo-2026-08-04-21-31-55,4500.0,Unknown,Sarees,Female,Kanjivaram,Beautiful Kanjivaram saree.,10,Free Size,https://hz3mhb-ip-103-214-63-41.tunnelmole.net/static/uploads/sarees/Kanjivaram/PHOTO-2026-08-04-21-31-55.jpg,
SKU-KANJ-51A31C,Premium Kanjivaram Saree - Photo-2026-08-04-21-31-55 1,4500.0,Unknown,Sarees,Female,Kanjivaram,Beautiful Kanjivaram saree.,10,Free Size,https://hz3mhb-ip-103-214-63-41.tunnelmole.net/static/uploads/sarees/Kanjivaram/PHOTO-2026-08-04-21-31-55_1.jpg,
SKU-KANJ-B713EE,Premium Kanjivaram Saree - Photo-2026-08-04-21-31-56,4500.0,Unknown,Sarees,Female,Kanjivaram,Beautiful Kanjivaram saree.,10,Free Size,https://hz3mhb-ip-103-214-63-41.tunnelmole.net/static/uploads/sarees/Kanjivaram/PHOTO-2026-08-04-21-31-56.jpg,
SKU-KANJ-F87914,Premium Kanjivaram Saree - Photo-2026-08-04-21-31-56 1,4500.0,Unknown,Sarees,Female,Kanjivaram,Beautiful Kanjivaram saree.,10,Free Size,https://hz3mhb-ip-103-214-63-41.tunnelmole.net/static/uploads/sarees/Kanjivaram/PHOTO-2026-08-04-21-31-56_1.jpg,
SKU-KANJ-341547,Premium Kanjivaram Saree - Photo-2026-08-04-21-31-56 2,4500.0,Unknown,Sarees,Female,Kanjivaram,Beautiful Kanjivaram saree.,10,Free Size,https://hz3mhb-ip-103-214-63-41.tunnelmole.net/static/uploads/sarees/Kanjivaram/PHOTO-2026-08-04-21-31-56_2.jpg,
SKU-KANJ-CFC474,Premium Kanjivaram Saree - Photo-2026-08-04-21-31-57,4500.0,Unknown,Sarees,Female,Kanjivaram,Beautiful Kanjivaram saree.,10,Free Size,https://hz3mhb-ip-103-214-63-41.tunnelmole.net/static/uploads/sarees/Kanjivaram/PHOTO-2026-08-04-21-31-57.jpg,
SKU-KANJ-D39F76,Premium Kanjivaram Saree - Photo-2026-08-04-21-31-57 1,4500.0,Unknown,Sarees,Female,Kanjivaram,Beautiful Kanjivaram saree.,10,Free Size,https://hz3mhb-ip-103-214-63-41.tunnelmole.net/static/uploads/sarees/Kanjivaram/PHOTO-2026-08-04-21-31-57_1.jpg,
SKU-KANJ-646DC4,Premium Kanjivaram Saree - Photo-2026-08-04-21-31-58,4500.0,Unknown,Sarees,Female,Kanjivaram,Beautiful Kanjivaram saree.,10,Free Size,https://hz3mhb-ip-103-214-63-41.tunnelmole.net/static/uploads/sarees/Kanjivaram/PHOTO-2026-08-04-21-31-58.jpg,
SKU-KANJ-7BD90D,Premium Kanjivaram Saree - Photo-2026-08-04-21-31-58 1,4500.0,Unknown,Sarees,Female,Kanjivaram,Beautiful Kanjivaram saree.,10,Free Size,https://hz3mhb-ip-103-214-63-41.tunnelmole.net/static/uploads/sarees/Kanjivaram/PHOTO-2026-08-04-21-31-58_1.jpg,
SKU-KANJ-09E46B,Premium Kanjivaram Saree - Photo-2026-08-04-21-31-58 2,4500.0,Unknown,Sarees,Female,Kanjivaram,Beautiful Kanjivaram saree.,10,Free Size,https://hz3mhb-ip-103-214-63-41.tunnelmole.net/static/uploads/sarees/Kanjivaram/PHOTO-2026-08-04-21-31-58_2.jpg,
SKU-KANJ-7762BD,Premium Kanjivaram Saree - Photo-2026-08-04-21-31-59,4500.0,Unknown,Sarees,Female,Kanjivaram,Beautiful Kanjivaram saree.,10,Free Size,https://hz3mhb-ip-103-214-63-41.tunnelmole.net/static/uploads/sarees/Kanjivaram/PHOTO-2026-08-04-21-31-59.jpg,
SKU-KANJ-D51C9E,Premium Kanjivaram Saree - Photo-2026-08-04-21-31-59 1,4500.0,Unknown,Sarees,Female,Kanjivaram,Beautiful Kanjivaram saree.,10,Free Size,https://hz3mhb-ip-103-214-63-41.tunnelmole.net/static/uploads/sarees/Kanjivaram/PHOTO-2026-08-04-21-31-59_1.jpg,
SKU-KANJ-6E0332,Premium Kanjivaram Saree - Photo-2026-08-04-21-31-59 2,4500.0,Unknown,Sarees,Female,Kanjivaram,Beautiful Kanjivaram saree.,10,Free Size,https://hz3mhb-ip-103-214-63-41.tunnelmole.net/static/uploads/sarees/Kanjivaram/PHOTO-2026-08-04-21-31-59_2.jpg,
SKU-KANJ-307F2E,Premium Kanjivaram Saree - Photo-2026-08-04-21-32-00,4500.0,Unknown,Sarees,Female,Kanjivaram,Beautiful Kanjivaram saree.,10,Free Size,https://hz3mhb-ip-103-214-63-41.tunnelmole.net/static/uploads/sarees/Kanjivaram/PHOTO-2026-08-04-21-32-00.jpg,
SKU-KANJ-1B848E,Premium Kanjivaram Saree - Photo-2026-08-04-21-32-00 1,4500.0,Unknown,Sarees,Female,Kanjivaram,Beautiful Kanjivaram saree.,10,Free Size,https://hz3mhb-ip-103-214-63-41.tunnelmole.net/static/uploads/sarees/Kanjivaram/PHOTO-2026-08-04-21-32-00_1.jpg,
SKU-KANJ-1C2188,Premium Kanjivaram Saree - Photo-2026-08-04-21-32-00 2,4500.0,Unknown,Sarees,Female,Kanjivaram,Beautiful Kanjivaram saree.,10,Free Size,https://hz3mhb-ip-103-214-63-41.tunnelmole.net/static/uploads/sarees/Kanjivaram/PHOTO-2026-08-04-21-32-00_2.jpg,
SKU-KANJ-892A9A,Premium Kanjivaram Saree - Photo-2026-08-04-21-32-01,4500.0,Unknown,Sarees,Female,Kanjivaram,Beautiful Kanjivaram saree.,10,Free Size,https://hz3mhb-ip-103-214-63-41.tunnelmole.net/static/uploads/sarees/Kanjivaram/PHOTO-2026-08-04-21-32-01.jpg,
SKU-KANJ-23189A,Premium Kanjivaram Saree - Photo-2026-08-04-21-32-01 1,4500.0,Unknown,Sarees,Female,Kanjivaram,Beautiful Kanjivaram saree.,10,Free Size,https://hz3mhb-ip-103-214-63-41.tunnelmole.net/static/uploads/sarees/Kanjivaram/PHOTO-2026-08-04-21-32-01_1.jpg,
SKU-KANJ-AF6FF5,Premium Kanjivaram Saree - Photo-2026-08-04-21-32-01 2,4500.0,Unknown,Sarees,Female,Kanjivaram,Beautiful Kanjivaram saree.,10,Free Size,https://hz3mhb-ip-103-214-63-41.tunnelmole.net/static/uploads/sarees/Kanjivaram/PHOTO-2026-08-04-21-32-01_2.jpg,
SKU-KANJ-6B3810,Premium Kanjivaram Saree - Photo-2026-08-04-21-32-02,4500.0,Unknown,Sarees,Female,Kanjivaram,Beautiful Kanjivaram saree.,10,Free Size,https://hz3mhb-ip-103-214-63-41.tunnelmole.net/static/uploads/sarees/Kanjivaram/PHOTO-2026-08-04-21-32-02.jpg,
SKU-KANJ-941233,Premium Kanjivaram Saree - Photo-2026-08-04-21-32-02 1,4500.0,Unknown,Sarees,Female,Kanjivaram,Beautiful Kanjivaram saree.,10,Free Size,https://hz3mhb-ip-103-214-63-41.tunnelmole.net/static/uploads/sarees/Kanjivaram/PHOTO-2026-08-04-21-32-02_1.jpg,
SKU-KANJ-6F4B5A,Premium Kanjivaram Saree - Photo-2026-08-04-21-32-03,4500.0,Unknown,Sarees,Female,Kanjivaram,Beautiful Kanjivaram saree.,10,Free Size,https://hz3mhb-ip-103-214-63-41.tunnelmole.net/static/uploads/sarees/Kanjivaram/PHOTO-2026-08-04-21-32-03.jpg,
SKU-KANJ-E2319A,Premium Kanjivaram Saree - Photo-2026-08-04-21-32-03 1,4500.0,Unknown,Sarees,Female,Kanjivaram,Beautiful Kanjivaram saree.,10,Free Size,https://hz3mhb-ip-103-214-63-41.tunnelmole.net/static/uploads/sarees/Kanjivaram/PHOTO-2026-08-04-21-32-03_1.jpg,
SKU-KANJ-AB5368,Premium Kanjivaram Saree - Photo-2026-08-04-21-32-03 2,4500.0,Unknown,Sarees,Female,Kanjivaram,Beautiful Kanjivaram saree.,10,Free Size,https://hz3mhb-ip-103-214-63-41.tunnelmole.net/static/uploads/sarees/Kanjivaram/PHOTO-2026-08-04-21-32-03_2.jpg,
SKU-KANJ-97B2AC,Premium Kanjivaram Saree - Photo-2026-08-04-21-32-04,4500.0,Unknown,Sarees,Female,Kanjivaram,Beautiful Kanjivaram saree.,10,Free Size,https://hz3mhb-ip-103-214-63-41.tunnelmole.net/static/uploads/sarees/Kanjivaram/PHOTO-2026-08-04-21-32-04.jpg,
SKU-KANJ-03E82E,Premium Kanjivaram Saree - Photo-2026-08-04-21-32-04 1,4500.0,Unknown,Sarees,Female,Kanjivaram,Beautiful Kanjivaram saree.,10,Free Size,https://hz3mhb-ip-103-214-63-41.tunnelmole.net/static/uploads/sarees/Kanjivaram/PHOTO-2026-08-04-21-32-04_1.jpg,
SKU-KANJ-9D9549,Premium Kanjivaram Saree - Photo-2026-08-04-21-32-04 2,4500.0,Unknown,Sarees,Female,Kanjivaram,Beautiful Kanjivaram saree.,10,Free Size,https://hz3mhb-ip-103-214-63-41.tunnelmole.net/static/uploads/sarees/Kanjivaram/PHOTO-2026-08-04-21-32-04_2.jpg,
SKU-KANJ-5E007B,Premium Kanjivaram Saree - Photo-2026-08-04-21-32-05,4500.0,Unknown,Sarees,Female,Kanjivaram,Beautiful Kanjivaram saree.,10,Free Size,https://hz3mhb-ip-103-214-63-41.tunnelmole.net/static/uploads/sarees/Kanjivaram/PHOTO-2026-08-04-21-32-05.jpg,
SKU-KANJ-6EA60C,Premium Kanjivaram Saree - Photo-2026-08-04-21-32-05 1,4500.0,Unknown,Sarees,Female,Kanjivaram,Beautiful Kanjivaram saree.,10,Free Size,https://hz3mhb-ip-103-214-63-41.tunnelmole.net/static/uploads/sarees/Kanjivaram/PHOTO-2026-08-04-21-32-05_1.jpg,
SKU-KANJ-6F649E,Premium Kanjivaram Saree - Photo-2026-08-04-21-32-05 2,4500.0,Unknown,Sarees,Female,Kanjivaram,Beautiful Kanjivaram saree.,10,Free Size,https://hz3mhb-ip-103-214-63-41.tunnelmole.net/static/uploads/sarees/Kanjivaram/PHOTO-2026-08-04-21-32-05_2.jpg,
SKU-KANJ-0C22B6,Premium Kanjivaram Saree - Photo-2026-08-04-21-32-06,4500.0,Unknown,Sarees,Female,Kanjivaram,Beautiful Kanjivaram saree.,10,Free Size,https://hz3mhb-ip-103-214-63-41.tunnelmole.net/static/uploads/sarees/Kanjivaram/PHOTO-2026-08-04-21-32-06.jpg,
SKU-KANJ-322D29,Premium Kanjivaram Saree - Photo-2026-08-04-21-32-06 1,4500.0,Unknown,Sarees,Female,Kanjivaram,Beautiful Kanjivaram saree.,10,Free Size,https://hz3mhb-ip-103-214-63-41.tunnelmole.net/static/uploads/sarees/Kanjivaram/PHOTO-2026-08-04-21-32-06_1.jpg,
SKU-KANJ-34F2F5,Premium Kanjivaram Saree - Photo-2026-08-04-21-32-06 2,4500.0,Unknown,Sarees,Female,Kanjivaram,Beautiful Kanjivaram saree.,10,Free Size,https://hz3mhb-ip-103-214-63-41.tunnelmole.net/static/uploads/sarees/Kanjivaram/PHOTO-2026-08-04-21-32-06_2.jpg,
SKU-UPPA-0038EC,Premium Uppada Saree - Photo-2026-07-07-19-48-01,4500.0,Unknown,Sarees,Female,Uppada,Beautiful Uppada saree.,10,Free Size,https://hz3mhb-ip-103-214-63-41.tunnelmole.net/static/uploads/sarees/Uppada/PHOTO-2026-07-07-19-48-01.jpg,
SKU-UPPA-5DF4C3,Premium Uppada Saree - Photo-2026-07-07-19-48-01 1,4500.0,Unknown,Sarees,Female,Uppada,Beautiful Uppada saree.,10,Free Size,https://hz3mhb-ip-103-214-63-41.tunnelmole.net/static/uploads/sarees/Uppada/PHOTO-2026-07-07-19-48-01_1.jpg,
SKU-UPPA-C45D5B,Premium Uppada Saree - Photo-2026-07-07-19-48-01 2,4500.0,Unknown,Sarees,Female,Uppada,Beautiful Uppada saree.,10,Free Size,https://hz3mhb-ip-103-214-63-41.tunnelmole.net/static/uploads/sarees/Uppada/PHOTO-2026-07-07-19-48-01_2.jpg,
SKU-UPPA-13288E,Premium Uppada Saree - Photo-2026-07-07-19-48-01 3,4500.0,Unknown,Sarees,Female,Uppada,Beautiful Uppada saree.,10,Free Size,https://hz3mhb-ip-103-214-63-41.tunnelmole.net/static/uploads/sarees/Uppada/PHOTO-2026-07-07-19-48-01_3.jpg,
SKU-UPPA-6EE083,Premium Uppada Saree - Photo-2026-07-07-19-48-02,4500.0,Unknown,Sarees,Female,Uppada,Beautiful Uppada saree.,10,Free Size,https://hz3mhb-ip-103-214-63-41.tunnelmole.net/static/uploads/sarees/Uppada/PHOTO-2026-07-07-19-48-02.jpg,
SKU-UPPA-8C014E,Premium Uppada Saree - Photo-2026-07-07-19-48-02 1,4500.0,Unknown,Sarees,Female,Uppada,Beautiful Uppada saree.,10,Free Size,https://hz3mhb-ip-103-214-63-41.tunnelmole.net/static/uploads/sarees/Uppada/PHOTO-2026-07-07-19-48-02_1.jpg,
SKU-UPPA-D22AD2,Premium Uppada Saree - Photo-2026-07-07-19-48-02 2,4500.0,Unknown,Sarees,Female,Uppada,Beautiful Uppada saree.,10,Free Size,https://hz3mhb-ip-103-214-63-41.tunnelmole.net/static/uploads/sarees/Uppada/PHOTO-2026-07-07-19-48-02_2.jpg,
SKU-UPPA-A4F9C3,Premium Uppada Saree - Photo-2026-07-07-19-48-03,4500.0,Unknown,Sarees,Female,Uppada,Beautiful Uppada saree.,10,Free Size,https://hz3mhb-ip-103-214-63-41.tunnelmole.net/static/uploads/sarees/Uppada/PHOTO-2026-07-07-19-48-03.jpg,
SKU-UPPA-C76A7B,Premium Uppada Saree - Photo-2026-07-07-19-48-03 1,4500.0,Unknown,Sarees,Female,Uppada,Beautiful Uppada saree.,10,Free Size,https://hz3mhb-ip-103-214-63-41.tunnelmole.net/static/uploads/sarees/Uppada/PHOTO-2026-07-07-19-48-03_1.jpg,
SKU-UPPA-39DB61,Premium Uppada Saree - Photo-2026-07-07-19-48-03 2,4500.0,Unknown,Sarees,Female,Uppada,Beautiful Uppada saree.,10,Free Size,https://hz3mhb-ip-103-214-63-41.tunnelmole.net/static/uploads/sarees/Uppada/PHOTO-2026-07-07-19-48-03_2.jpg,
SKU-UPPA-DBB6F1,Premium Uppada Saree - Photo-2026-07-07-19-48-04,4500.0,Unknown,Sarees,Female,Uppada,Beautiful Uppada saree.,10,Free Size,https://hz3mhb-ip-103-214-63-41.tunnelmole.net/static/uploads/sarees/Uppada/PHOTO-2026-07-07-19-48-04.jpg,
SKU-UPPA-25801D,Premium Uppada Saree - Photo-2026-07-07-19-48-04 1,4500.0,Unknown,Sarees,Female,Uppada,Beautiful Uppada saree.,10,Free Size,https://hz3mhb-ip-103-214-63-41.tunnelmole.net/static/uploads/sarees/Uppada/PHOTO-2026-07-07-19-48-04_1.jpg,
SKU-UPPA-8D9013,Premium Uppada Saree - Photo-2026-07-07-19-48-04 2,4500.0,Unknown,Sarees,Female,Uppada,Beautiful Uppada saree.,10,Free Size,https://hz3mhb-ip-103-214-63-41.tunnelmole.net/static/uploads/sarees/Uppada/PHOTO-2026-07-07-19-48-04_2.jpg,
SKU-UPPA-1E494B,Premium Uppada Saree - Photo-2026-07-07-19-48-04 3,4500.0,Unknown,Sarees,Female,Uppada,Beautiful Uppada saree.,10,Free Size,https://hz3mhb-ip-103-214-63-41.tunnelmole.net/static/uploads/sarees/Uppada/PHOTO-2026-07-07-19-48-04_3.jpg,
SKU-UPPA-09A868,Premium Uppada Saree - Photo-2026-07-07-19-48-05,4500.0,Unknown,Sarees,Female,Uppada,Beautiful Uppada saree.,10,Free Size,https://hz3mhb-ip-103-214-63-41.tunnelmole.net/static/uploads/sarees/Uppada/PHOTO-2026-07-07-19-48-05.jpg,
SKU-UPPA-1E1F44,Premium Uppada Saree - Photo-2026-07-07-19-48-05 1,4500.0,Unknown,Sarees,Female,Uppada,Beautiful Uppada saree.,10,Free Size,https://hz3mhb-ip-103-214-63-41.tunnelmole.net/static/uploads/sarees/Uppada/PHOTO-2026-07-07-19-48-05_1.jpg,
SKU-UPPA-D2397A,Premium Uppada Saree - Photo-2026-07-07-19-48-05 2,4500.0,Unknown,Sarees,Female,Uppada,Beautiful Uppada saree.,10,Free Size,https://hz3mhb-ip-103-214-63-41.tunnelmole.net/static/uploads/sarees/Uppada/PHOTO-2026-07-07-19-48-05_2.jpg,
SKU-UPPA-9811E7,Premium Uppada Saree - Photo-2026-07-07-19-48-06,4500.0,Unknown,Sarees,Female,Uppada,Beautiful Uppada saree.,10,Free Size,https://hz3mhb-ip-103-214-63-41.tunnelmole.net/static/uploads/sarees/Uppada/PHOTO-2026-07-07-19-48-06.jpg,
SKU-UPPA-8B2CF4,Premium Uppada Saree - Photo-2026-07-07-19-48-06 1,4500.0,Unknown,Sarees,Female,Uppada,Beautiful Uppada saree.,10,Free Size,https://hz3mhb-ip-103-214-63-41.tunnelmole.net/static/uploads/sarees/Uppada/PHOTO-2026-07-07-19-48-06_1.jpg,
SKU-UPPA-CBBD20,Premium Uppada Saree - Photo-2026-07-07-19-48-06 2,4500.0,Unknown,Sarees,Female,Uppada,Beautiful Uppada saree.,10,Free Size,https://hz3mhb-ip-103-214-63-41.tunnelmole.net/static/uploads/sarees/Uppada/PHOTO-2026-07-07-19-48-06_2.jpg,
SKU-UPPA-376FBA,Premium Uppada Saree - Photo-2026-07-07-19-48-06 3,4500.0,Unknown,Sarees,Female,Uppada,Beautiful Uppada saree.,10,Free Size,https://hz3mhb-ip-103-214-63-41.tunnelmole.net/static/uploads/sarees/Uppada/PHOTO-2026-07-07-19-48-06_3.jpg,
SKU-UPPA-2F8082,Premium Uppada Saree - Photo-2026-07-07-19-48-07,4500.0,Unknown,Sarees,Female,Uppada,Beautiful Uppada saree.,10,Free Size,https://hz3mhb-ip-103-214-63-41.tunnelmole.net/static/uploads/sarees/Uppada/PHOTO-2026-07-07-19-48-07.jpg,
SKU-UPPA-C95B85,Premium Uppada Saree - Photo-2026-07-07-19-48-07 1,4500.0,Unknown,Sarees,Female,Uppada,Beautiful Uppada saree.,10,Free Size,https://hz3mhb-ip-103-214-63-41.tunnelmole.net/static/uploads/sarees/Uppada/PHOTO-2026-07-07-19-48-07_1.jpg,
SKU-UPPA-265A77,Premium Uppada Saree - Photo-2026-07-07-19-48-07 2,4500.0,Unknown,Sarees,Female,Uppada,Beautiful Uppada saree.,10,Free Size,https://hz3mhb-ip-103-214-63-41.tunnelmole.net/static/uploads/sarees/Uppada/PHOTO-2026-07-07-19-48-07_2.jpg,
SKU-UPPA-42F39B,Premium Uppada Saree - Photo-2026-07-07-19-48-08,4500.0,Unknown,Sarees,Female,Uppada,Beautiful Uppada saree.,10,Free Size,https://hz3mhb-ip-103-214-63-41.tunnelmole.net/static/uploads/sarees/Uppada/PHOTO-2026-07-07-19-48-08.jpg,
SKU-UPPA-48786D,Premium Uppada Saree - Photo-2026-07-07-19-48-08 1,4500.0,Unknown,Sarees,Female,Uppada,Beautiful Uppada saree.,10,Free Size,https://hz3mhb-ip-103-214-63-41.tunnelmole.net/static/uploads/sarees/Uppada/PHOTO-2026-07-07-19-48-08_1.jpg,
SKU-UPPA-303E54,Premium Uppada Saree - Photo-2026-07-07-19-48-08 2,4500.0,Unknown,Sarees,Female,Uppada,Beautiful Uppada saree.,10,Free Size,https://hz3mhb-ip-103-214-63-41.tunnelmole.net/static/uploads/sarees/Uppada/PHOTO-2026-07-07-19-48-08_2.jpg,
SKU-UPPA-DE0516,Premium Uppada Saree - Photo-2026-07-07-19-48-08 3,4500.0,Unknown,Sarees,Female,Uppada,Beautiful Uppada saree.,10,Free Size,https://hz3mhb-ip-103-214-63-41.tunnelmole.net/static/uploads/sarees/Uppada/PHOTO-2026-07-07-19-48-08_3.jpg,
SKU-UPPA-63A6E9,Premium Uppada Saree - Photo-2026-07-07-19-48-09,4500.0,Unknown,Sarees,Female,Uppada,Beautiful Uppada saree.,10,Free Size,https://hz3mhb-ip-103-214-63-41.tunnelmole.net/static/uploads/sarees/Uppada/PHOTO-2026-07-07-19-48-09.jpg,
SKU-UPPA-D8BF22,Premium Uppada Saree - Photo-2026-07-07-19-48-09 1,4500.0,Unknown,Sarees,Female,Uppada,Beautiful Uppada saree.,10,Free Size,https://hz3mhb-ip-103-214-63-41.tunnelmole.net/static/uploads/sarees/Uppada/PHOTO-2026-07-07-19-48-09_1.jpg,
SKU-UPPA-931FBC,Premium Uppada Saree - Photo-2026-07-07-19-48-09 2,4500.0,Unknown,Sarees,Female,Uppada,Beautiful Uppada saree.,10,Free Size,https://hz3mhb-ip-103-214-63-41.tunnelmole.net/static/uploads/sarees/Uppada/PHOTO-2026-07-07-19-48-09_2.jpg,
SKU-UPPA-2E187E,Premium Uppada Saree - Photo-2026-07-07-19-48-10,4500.0,Unknown,Sarees,Female,Uppada,Beautiful Uppada saree.,10,Free Size,https://hz3mhb-ip-103-214-63-41.tunnelmole.net/static/uploads/sarees/Uppada/PHOTO-2026-07-07-19-48-10.jpg,
SKU-UPPA-DBDC26,Premium Uppada Saree - Photo-2026-07-07-19-48-10 1,4500.0,Unknown,Sarees,Female,Uppada,Beautiful Uppada saree.,10,Free Size,https://hz3mhb-ip-103-214-63-41.tunnelmole.net/static/uploads/sarees/Uppada/PHOTO-2026-07-07-19-48-10_1.jpg,
SKU-UPPA-666AA5,Premium Uppada Saree - Photo-2026-07-07-19-48-10 2,4500.0,Unknown,Sarees,Female,Uppada,Beautiful Uppada saree.,10,Free Size,https://hz3mhb-ip-103-214-63-41.tunnelmole.net/static/uploads/sarees/Uppada/PHOTO-2026-07-07-19-48-10_2.jpg,
SKU-UPPA-2F30E8,Premium Uppada Saree - Photo-2026-07-07-19-48-10 3,4500.0,Unknown,Sarees,Female,Uppada,Beautiful Uppada saree.,10,Free Size,https://hz3mhb-ip-103-214-63-41.tunnelmole.net/static/uploads/sarees/Uppada/PHOTO-2026-07-07-19-48-10_3.jpg,
SKU-UPPA-89E891,Premium Uppada Saree - Photo-2026-07-07-19-48-11,4500.0,Unknown,Sarees,Female,Uppada,Beautiful Uppada saree.,10,Free Size,https://hz3mhb-ip-103-214-63-41.tunnelmole.net/static/uploads/sarees/Uppada/PHOTO-2026-07-07-19-48-11.jpg,
SKU-UPPA-663AFC,Premium Uppada Saree - Photo-2026-07-07-19-48-11 1,4500.0,Unknown,Sarees,Female,Uppada,Beautiful Uppada saree.,10,Free Size,https://hz3mhb-ip-103-214-63-41.tunnelmole.net/static/uploads/sarees/Uppada/PHOTO-2026-07-07-19-48-11_1.jpg,
SKU-UPPA-4B6C92,Premium Uppada Saree - Photo-2026-07-07-19-48-11 2,4500.0,Unknown,Sarees,Female,Uppada,Beautiful Uppada saree.,10,Free Size,https://hz3mhb-ip-103-214-63-41.tunnelmole.net/static/uploads/sarees/Uppada/PHOTO-2026-07-07-19-48-11_2.jpg,
SKU-UPPA-EA543C,Premium Uppada Saree - Photo-2026-07-07-19-48-11 3,4500.0,Unknown,Sarees,Female,Uppada,Beautiful Uppada saree.,10,Free Size,https://hz3mhb-ip-103-214-63-41.tunnelmole.net/static/uploads/sarees/Uppada/PHOTO-2026-07-07-19-48-11_3.jpg,
SKU-UPPA-45088F,Premium Uppada Saree - Photo-2026-07-07-19-48-12,4500.0,Unknown,Sarees,Female,Uppada,Beautiful Uppada saree.,10,Free Size,https://hz3mhb-ip-103-214-63-41.tunnelmole.net/static/uploads/sarees/Uppada/PHOTO-2026-07-07-19-48-12.jpg,
SKU-UPPA-44EE92,Premium Uppada Saree - Photo-2026-07-07-19-48-12 1,4500.0,Unknown,Sarees,Female,Uppada,Beautiful Uppada saree.,10,Free Size,https://hz3mhb-ip-103-214-63-41.tunnelmole.net/static/uploads/sarees/Uppada/PHOTO-2026-07-07-19-48-12_1.jpg,
SKU-UPPA-738CE6,Premium Uppada Saree - Photo-2026-07-07-19-48-12 2,4500.0,Unknown,Sarees,Female,Uppada,Beautiful Uppada saree.,10,Free Size,https://hz3mhb-ip-103-214-63-41.tunnelmole.net/static/uploads/sarees/Uppada/PHOTO-2026-07-07-19-48-12_2.jpg,
SKU-UPPA-1896AB,Premium Uppada Saree - Photo-2026-07-07-19-48-13,4500.0,Unknown,Sarees,Female,Uppada,Beautiful Uppada saree.,10,Free Size,https://hz3mhb-ip-103-214-63-41.tunnelmole.net/static/uploads/sarees/Uppada/PHOTO-2026-07-07-19-48-13.jpg,
SKU-UPPA-270348,Premium Uppada Saree - Photo-2026-07-07-19-48-13 1,4500.0,Unknown,Sarees,Female,Uppada,Beautiful Uppada saree.,10,Free Size,https://hz3mhb-ip-103-214-63-41.tunnelmole.net/static/uploads/sarees/Uppada/PHOTO-2026-07-07-19-48-13_1.jpg,
SKU-UPPA-6DB087,Premium Uppada Saree - Photo-2026-07-07-19-48-13 2,4500.0,Unknown,Sarees,Female,Uppada,Beautiful Uppada saree.,10,Free Size,https://hz3mhb-ip-103-214-63-41.tunnelmole.net/static/uploads/sarees/Uppada/PHOTO-2026-07-07-19-48-13_2.jpg,
SKU-UPPA-34CCF7,Premium Uppada Saree - Photo-2026-07-07-19-48-13 3,4500.0,Unknown,Sarees,Female,Uppada,Beautiful Uppada saree.,10,Free Size,https://hz3mhb-ip-103-214-63-41.tunnelmole.net/static/uploads/sarees/Uppada/PHOTO-2026-07-07-19-48-13_3.jpg,
SKU-UPPA-524F1F,Premium Uppada Saree - Photo-2026-07-07-19-48-14,4500.0,Unknown,Sarees,Female,Uppada,Beautiful Uppada saree.,10,Free Size,https://hz3mhb-ip-103-214-63-41.tunnelmole.net/static/uploads/sarees/Uppada/PHOTO-2026-07-07-19-48-14.jpg,
SKU-UPPA-2C4784,Premium Uppada Saree - Photo-2026-07-07-19-48-14 1,4500.0,Unknown,Sarees,Female,Uppada,Beautiful Uppada saree.,10,Free Size,https://hz3mhb-ip-103-214-63-41.tunnelmole.net/static/uploads/sarees/Uppada/PHOTO-2026-07-07-19-48-14_1.jpg,
SKU-UPPA-9FB201,Premium Uppada Saree - Photo-2026-07-07-19-48-14 2,4500.0,Unknown,Sarees,Female,Uppada,Beautiful Uppada saree.,10,Free Size,https://hz3mhb-ip-103-214-63-41.tunnelmole.net/static/uploads/sarees/Uppada/PHOTO-2026-07-07-19-48-14_2.jpg,
SKU-VINT-57B9D9,Premium Vintage_kanchipuram_semi Saree - Photo-2026-07-31-12-53-15,4500.0,Unknown,Sarees,Female,Vintage_kanchipuram_semi,Beautiful Vintage_kanchipuram_semi saree.,10,Free Size,https://hz3mhb-ip-103-214-63-41.tunnelmole.net/static/uploads/sarees/Vintage_kanchipuram_semi/PHOTO-2026-07-31-12-53-15.jpg,
SKU-VINT-7B9045,Premium Vintage_kanchipuram_semi Saree - Photo-2026-07-31-12-53-15 1,4500.0,Unknown,Sarees,Female,Vintage_kanchipuram_semi,Beautiful Vintage_kanchipuram_semi saree.,10,Free Size,https://hz3mhb-ip-103-214-63-41.tunnelmole.net/static/uploads/sarees/Vintage_kanchipuram_semi/PHOTO-2026-07-31-12-53-15_1.jpg,
SKU-VINT-2D1C21,Premium Vintage_kanchipuram_semi Saree - Photo-2026-07-31-12-53-15 2,4500.0,Unknown,Sarees,Female,Vintage_kanchipuram_semi,Beautiful Vintage_kanchipuram_semi saree.,10,Free Size,https://hz3mhb-ip-103-214-63-41.tunnelmole.net/static/uploads/sarees/Vintage_kanchipuram_semi/PHOTO-2026-07-31-12-53-15_2.jpg,
SKU-VINT-10028E,Premium Vintage_kanchipuram_semi Saree - Photo-2026-07-31-12-53-16,4500.0,Unknown,Sarees,Female,Vintage_kanchipuram_semi,Beautiful Vintage_kanchipuram_semi saree.,10,Free Size,https://hz3mhb-ip-103-214-63-41.tunnelmole.net/static/uploads/sarees/Vintage_kanchipuram_semi/PHOTO-2026-07-31-12-53-16.jpg,
SKU-VINT-A01A83,Premium Vintage_kanchipuram_semi Saree - Photo-2026-07-31-12-53-16 1,4500.0,Unknown,Sarees,Female,Vintage_kanchipuram_semi,Beautiful Vintage_kanchipuram_semi saree.,10,Free Size,https://hz3mhb-ip-103-214-63-41.tunnelmole.net/static/uploads/sarees/Vintage_kanchipuram_semi/PHOTO-2026-07-31-12-53-16_1.jpg,
SKU-VINT-7A717D,Premium Vintage_kanchipuram_semi Saree - Photo-2026-07-31-12-53-16 2,4500.0,Unknown,Sarees,Female,Vintage_kanchipuram_semi,Beautiful Vintage_kanchipuram_semi saree.,10,Free Size,https://hz3mhb-ip-103-214-63-41.tunnelmole.net/static/uploads/sarees/Vintage_kanchipuram_semi/PHOTO-2026-07-31-12-53-16_2.jpg,
SKU-VINT-56645F,Premium Vintage_kanchipuram_semi Saree - Photo-2026-07-31-12-53-17,4500.0,Unknown,Sarees,Female,Vintage_kanchipuram_semi,Beautiful Vintage_kanchipuram_semi saree.,10,Free Size,https://hz3mhb-ip-103-214-63-41.tunnelmole.net/static/uploads/sarees/Vintage_kanchipuram_semi/PHOTO-2026-07-31-12-53-17.jpg,
SKU-VINT-10CB47,Premium Vintage_kanchipuram_semi Saree - Photo-2026-07-31-12-53-17 1,4500.0,Unknown,Sarees,Female,Vintage_kanchipuram_semi,Beautiful Vintage_kanchipuram_semi saree.,10,Free Size,https://hz3mhb-ip-103-214-63-41.tunnelmole.net/static/uploads/sarees/Vintage_kanchipuram_semi/PHOTO-2026-07-31-12-53-17_1.jpg,
SKU-VINT-1C6E0B,Premium Vintage_kanchipuram_semi Saree - Photo-2026-07-31-12-53-17 2,4500.0,Unknown,Sarees,Female,Vintage_kanchipuram_semi,Beautiful Vintage_kanchipuram_semi saree.,10,Free Size,https://hz3mhb-ip-103-214-63-41.tunnelmole.net/static/uploads/sarees/Vintage_kanchipuram_semi/PHOTO-2026-07-31-12-53-17_2.jpg,
SKU-VINT-D21B65,Premium Vintage_kanchipuram_semi Saree - Photo-2026-07-31-12-53-18,4500.0,Unknown,Sarees,Female,Vintage_kanchipuram_semi,Beautiful Vintage_kanchipuram_semi saree.,10,Free Size,https://hz3mhb-ip-103-214-63-41.tunnelmole.net/static/uploads/sarees/Vintage_kanchipuram_semi/PHOTO-2026-07-31-12-53-18.jpg,
SKU-VINT-6AAE86,Premium Vintage_kanchipuram_semi Saree - Photo-2026-07-31-12-53-18 1,4500.0,Unknown,Sarees,Female,Vintage_kanchipuram_semi,Beautiful Vintage_kanchipuram_semi saree.,10,Free Size,https://hz3mhb-ip-103-214-63-41.tunnelmole.net/static/uploads/sarees/Vintage_kanchipuram_semi/PHOTO-2026-07-31-12-53-18_1.jpg,
SKU-VINT-9386B7,Premium Vintage_kanchipuram_semi Saree - Photo-2026-07-31-12-53-18 2,4500.0,Unknown,Sarees,Female,Vintage_kanchipuram_semi,Beautiful Vintage_kanchipuram_semi saree.,10,Free Size,https://hz3mhb-ip-103-214-63-41.tunnelmole.net/static/uploads/sarees/Vintage_kanchipuram_semi/PHOTO-2026-07-31-12-53-18_2.jpg,
SKU-VINT-6267AE,Premium Vintage_kanchipuram_semi Saree - Photo-2026-07-31-12-53-18 3,4500.0,Unknown,Sarees,Female,Vintage_kanchipuram_semi,Beautiful Vintage_kanchipuram_semi saree.,10,Free Size,https://hz3mhb-ip-103-214-63-41.tunnelmole.net/static/uploads/sarees/Vintage_kanchipuram_semi/PHOTO-2026-07-31-12-53-18_3.jpg,
SKU-VINT-77B681,Premium Vintage_kanchipuram_semi Saree - Photo-2026-07-31-12-53-19,4500.0,Unknown,Sarees,Female,Vintage_kanchipuram_semi,Beautiful Vintage_kanchipuram_semi saree.,10,Free Size,https://hz3mhb-ip-103-214-63-41.tunnelmole.net/static/uploads/sarees/Vintage_kanchipuram_semi/PHOTO-2026-07-31-12-53-19.jpg,
SKU-VINT-61B2AE,Premium Vintage_kanchipuram_semi Saree - Photo-2026-07-31-12-53-19 1,4500.0,Unknown,Sarees,Female,Vintage_kanchipuram_semi,Beautiful Vintage_kanchipuram_semi saree.,10,Free Size,https://hz3mhb-ip-103-214-63-41.tunnelmole.net/static/uploads/sarees/Vintage_kanchipuram_semi/PHOTO-2026-07-31-12-53-19_1.jpg,
SKU-VINT-8E73B6,Premium Vintage_kanchipuram_semi Saree - Photo-2026-07-31-12-53-20,4500.0,Unknown,Sarees,Female,Vintage_kanchipuram_semi,Beautiful Vintage_kanchipuram_semi saree.,10,Free Size,https://hz3mhb-ip-103-214-63-41.tunnelmole.net/static/uploads/sarees/Vintage_kanchipuram_semi/PHOTO-2026-07-31-12-53-20.jpg,
SKU-VINT-88B5B4,Premium Vintage_kanchipuram_semi Saree - Photo-2026-07-31-12-53-20 1,4500.0,Unknown,Sarees,Female,Vintage_kanchipuram_semi,Beautiful Vintage_kanchipuram_semi saree.,10,Free Size,https://hz3mhb-ip-103-214-63-41.tunnelmole.net/static/uploads/sarees/Vintage_kanchipuram_semi/PHOTO-2026-07-31-12-53-20_1.jpg,
SKU-VINT-778656,Premium Vintage_kanchipuram_semi Saree - Photo-2026-07-31-12-53-20 2,4500.0,Unknown,Sarees,Female,Vintage_kanchipuram_semi,Beautiful Vintage_kanchipuram_semi saree.,10,Free Size,https://hz3mhb-ip-103-214-63-41.tunnelmole.net/static/uploads/sarees/Vintage_kanchipuram_semi/PHOTO-2026-07-31-12-53-20_2.jpg,
SKU-VINT-47BB14,Premium Vintage_kanchipuram_semi Saree - Photo-2026-07-31-12-53-21,4500.0,Unknown,Sarees,Female,Vintage_kanchipuram_semi,Beautiful Vintage_kanchipuram_semi saree.,10,Free Size,https://hz3mhb-ip-103-214-63-41.tunnelmole.net/static/uploads/sarees/Vintage_kanchipuram_semi/PHOTO-2026-07-31-12-53-21.jpg,
SKU-VINT-1AD2E7,Premium Vintage_kanchipuram_semi Saree - Photo-2026-07-31-12-53-21 1,4500.0,Unknown,Sarees,Female,Vintage_kanchipuram_semi,Beautiful Vintage_kanchipuram_semi saree.,10,Free Size,https://hz3mhb-ip-103-214-63-41.tunnelmole.net/static/uploads/sarees/Vintage_kanchipuram_semi/PHOTO-2026-07-31-12-53-21_1.jpg,
SKU-VINT-E332A6,Premium Vintage_kanchipuram_semi Saree - Photo-2026-07-31-12-53-21 2,4500.0,Unknown,Sarees,Female,Vintage_kanchipuram_semi,Beautiful Vintage_kanchipuram_semi saree.,10,Free Size,https://hz3mhb-ip-103-214-63-41.tunnelmole.net/static/uploads/sarees/Vintage_kanchipuram_semi/PHOTO-2026-07-31-12-53-21_2.jpg,
SKU-VINT-F73BED,Premium Vintage_kanchipuram_semi Saree - Photo-2026-07-31-12-53-22,4500.0,Unknown,Sarees,Female,Vintage_kanchipuram_semi,Beautiful Vintage_kanchipuram_semi saree.,10,Free Size,https://hz3mhb-ip-103-214-63-41.tunnelmole.net/static/uploads/sarees/Vintage_kanchipuram_semi/PHOTO-2026-07-31-12-53-22.jpg,
SKU-VINT-67FC02,Premium Vintage_kanchipuram_semi Saree - Photo-2026-07-31-12-53-22 1,4500.0,Unknown,Sarees,Female,Vintage_kanchipuram_semi,Beautiful Vintage_kanchipuram_semi saree.,10,Free Size,https://hz3mhb-ip-103-214-63-41.tunnelmole.net/static/uploads/sarees/Vintage_kanchipuram_semi/PHOTO-2026-07-31-12-53-22_1.jpg,
