sku,name,price,category,color,fabric,gender,sizes,stock_count,description,image_urls
SKU-GLD-001,1 Gram Gold Silk Saree #001,2499,1 Gram Gold Silk,Gold,Gold Silk,Women,Free Size,10,"Exquisite handloom 1 Gram Gold Silk Saree #001 crafted with premium Gold Silk. Perfect for weddings, festive celebrations, and special occasions.","https://qclmaiqqfppunrodjpka.supabase.co/storage/v1/object/public/catelog-images/1%20Gram%20Gold%20Silk/PHOTO-2026-08-03-22-09-21.jpg, https://qclmaiqqfppunrodjpka.supabase.co/storage/v1/object/public/catelog-images/1%20Gram%20Gold%20Silk/PHOTO-2026-08-03-22-09-21_1.jpg"
SKU-GLD-002,1 Gram Gold Silk Saree #002,2499,1 Gram Gold Silk,Gold,Gold Silk,Women,Free Size,10,"Exquisite handloom 1 Gram Gold Silk Saree #002 crafted with premium Gold Silk. Perfect for weddings, festive celebrations, and special occasions.","https://qclmaiqqfppunrodjpka.supabase.co/storage/v1/object/public/catelog-images/1%20Gram%20Gold%20Silk/PHOTO-2026-08-03-22-09-22.jpg, https://qclmaiqqfppunrodjpka.supabase.co/storage/v1/object/public/catelog-images/1%20Gram%20Gold%20Silk/PHOTO-2026-08-03-22-09-22_1.jpg, https://qclmaiqqfppunrodjpka.supabase.co/storage/v1/object/public/catelog-images/1%20Gram%20Gold%20Silk/PHOTO-2026-08-03-22-09-22_2.jpg"
SKU-GLD-003,1 Gram Gold Silk Saree #003,2499,1 Gram Gold Silk,Gold,Gold Silk,Women,Free Size,10,"Exquisite handloom 1 Gram Gold Silk Saree #003 crafted with premium Gold Silk. Perfect for weddings, festive celebrations, and special occasions.","https://qclmaiqqfppunrodjpka.supabase.co/storage/v1/object/public/catelog-images/1%20Gram%20Gold%20Silk/PHOTO-2026-08-03-22-09-23.jpg, https://qclmaiqqfppunrodjpka.supabase.co/storage/v1/object/public/catelog-images/1%20Gram%20Gold%20Silk/PHOTO-2026-08-03-22-09-23_1.jpg"
SKU-BTA-001,Butta Work Silk Saree #001,1999,Butta,Multi,Art Silk,Women,Free Size,10,"Exquisite handloom Butta Work Silk Saree #001 crafted with premium Art Silk. Perfect for weddings, festive celebrations, and special occasions.","https://qclmaiqqfppunrodjpka.supabase.co/storage/v1/object/public/catelog-images/Butta/PHOTO-2026-08-07-12-21-10.jpg, https://qclmaiqqfppunrodjpka.supabase.co/storage/v1/object/public/catelog-images/Butta/PHOTO-2026-08-07-12-21-10_1.jpg, https://qclmaiqqfppunrodjpka.supabase.co/storage/v1/object/public/catelog-images/Butta/PHOTO-2026-08-07-12-21-10_2.jpg"
SKU-BTA-002,Butta Work Silk Saree #002,1999,Butta,Multi,Art Silk,Women,Free Size,10,"Exquisite handloom Butta Work Silk Saree #002 crafted with premium Art Silk. Perfect for weddings, festive celebrations, and special occasions.","https://qclmaiqqfppunrodjpka.supabase.co/storage/v1/object/public/catelog-images/Butta/PHOTO-2026-08-07-12-21-11.jpg, https://qclmaiqqfppunrodjpka.supabase.co/storage/v1/object/public/catelog-images/Butta/PHOTO-2026-08-07-12-21-11_1.jpg, https://qclmaiqqfppunrodjpka.supabase.co/storage/v1/object/public/catelog-images/Butta/PHOTO-2026-08-07-12-21-11_2.jpg"
SKU-BTA-003,Butta Work Silk Saree #003,1999,Butta,Multi,Art Silk,Women,Free Size,10,"Exquisite handloom Butta Work Silk Saree #003 crafted with premium Art Silk. Perfect for weddings, festive celebrations, and special occasions.","https://qclmaiqqfppunrodjpka.supabase.co/storage/v1/object/public/catelog-images/Butta/PHOTO-2026-08-07-12-21-12.jpg, https://qclmaiqqfppunrodjpka.supabase.co/storage/v1/object/public/catelog-images/Butta/PHOTO-2026-08-07-12-21-12_1.jpg, https://qclmaiqqfppunrodjpka.supabase.co/storage/v1/object/public/catelog-images/Butta/PHOTO-2026-08-07-12-21-12_2.jpg"
SKU-BTA-004,Butta Work Silk Saree #004,1999,Butta,Multi,Art Silk,Women,Free Size,10,"Exquisite handloom Butta Work Silk Saree #004 crafted with premium Art Silk. Perfect for weddings, festive celebrations, and special occasions.","https://qclmaiqqfppunrodjpka.supabase.co/storage/v1/object/public/catelog-images/Butta/PHOTO-2026-08-07-12-21-13.jpg, https://qclmaiqqfppunrodjpka.supabase.co/storage/v1/object/public/catelog-images/Butta/PHOTO-2026-08-07-12-21-13_1.jpg, https://qclmaiqqfppunrodjpka.supabase.co/storage/v1/object/public/catelog-images/Butta/PHOTO-2026-08-07-12-21-13_2.jpg, https://qclmaiqqfppunrodjpka.supabase.co/storage/v1/object/public/catelog-images/Butta/PHOTO-2026-08-07-12-21-13_3.jpg"
SKU-BTA-005,Butta Work Silk Saree #005,1999,Butta,Multi,Art Silk,Women,Free Size,10,"Exquisite handloom Butta Work Silk Saree #005 crafted with premium Art Silk. Perfect for weddings, festive celebrations, and special occasions.","https://qclmaiqqfppunrodjpka.supabase.co/storage/v1/object/public/catelog-images/Butta/PHOTO-2026-08-07-12-21-14.jpg, https://qclmaiqqfppunrodjpka.supabase.co/storage/v1/object/public/catelog-images/Butta/PHOTO-2026-08-07-12-21-14_1.jpg, https://qclmaiqqfppunrodjpka.supabase.co/storage/v1/object/public/catelog-images/Butta/PHOTO-2026-08-07-12-21-14_2.jpg"
SKU-BTA-006,Butta Work Silk Saree #006,1999,Butta,Multi,Art Silk,Women,Free Size,10,"Exquisite handloom Butta Work Silk Saree #006 crafted with premium Art Silk. Perfect for weddings, festive celebrations, and special occasions.","https://qclmaiqqfppunrodjpka.supabase.co/storage/v1/object/public/catelog-images/Butta/PHOTO-2026-08-07-12-21-15.jpg, https://qclmaiqqfppunrodjpka.supabase.co/storage/v1/object/public/catelog-images/Butta/PHOTO-2026-08-07-12-21-15_1.jpg, https://qclmaiqqfppunrodjpka.supabase.co/storage/v1/object/public/catelog-images/Butta/PHOTO-2026-08-07-12-21-15_2.jpg"
SKU-DHM-001,Dharmavaram Pattu Saree #001,3499,Dharmavaram,Magenta & Gold,Dharmavaram Silk,Women,Free Size,10,"Exquisite handloom Dharmavaram Pattu Saree #001 crafted with premium Dharmavaram Silk. Perfect for weddings, festive celebrations, and special occasions.","https://qclmaiqqfppunrodjpka.supabase.co/storage/v1/object/public/catelog-images/Dharmavaram/PHOTO-2026-08-04-21-31-55.jpg, https://qclmaiqqfppunrodjpka.supabase.co/storage/v1/object/public/catelog-images/Dharmavaram/PHOTO-2026-08-04-21-31-55_1.jpg"
SKU-DHM-002,Dharmavaram Pattu Saree #002,3499,Dharmavaram,Magenta & Gold,Dharmavaram Silk,Women,Free Size,10,"Exquisite handloom Dharmavaram Pattu Saree #002 crafted with premium Dharmavaram Silk. Perfect for weddings, festive celebrations, and special occasions.","https://qclmaiqqfppunrodjpka.supabase.co/storage/v1/object/public/catelog-images/Dharmavaram/PHOTO-2026-08-04-21-31-56.jpg, https://qclmaiqqfppunrodjpka.supabase.co/storage/v1/object/public/catelog-images/Dharmavaram/PHOTO-2026-08-04-21-31-56_1.jpg, https://qclmaiqqfppunrodjpka.supabase.co/storage/v1/object/public/catelog-images/Dharmavaram/PHOTO-2026-08-04-21-31-56_2.jpg"
SKU-DHM-003,Dharmavaram Pattu Saree #003,3499,Dharmavaram,Magenta & Gold,Dharmavaram Silk,Women,Free Size,10,"Exquisite handloom Dharmavaram Pattu Saree #003 crafted with premium Dharmavaram Silk. Perfect for weddings, festive celebrations, and special occasions.","https://qclmaiqqfppunrodjpka.supabase.co/storage/v1/object/public/catelog-images/Dharmavaram/PHOTO-2026-08-04-21-31-57.jpg, https://qclmaiqqfppunrodjpka.supabase.co/storage/v1/object/public/catelog-images/Dharmavaram/PHOTO-2026-08-04-21-31-57_1.jpg"
SKU-DHM-004,Dharmavaram Pattu Saree #004,3499,Dharmavaram,Magenta & Gold,Dharmavaram Silk,Women,Free Size,10,"Exquisite handloom Dharmavaram Pattu Saree #004 crafted with premium Dharmavaram Silk. Perfect for weddings, festive celebrations, and special occasions.","https://qclmaiqqfppunrodjpka.supabase.co/storage/v1/object/public/catelog-images/Dharmavaram/PHOTO-2026-08-04-21-31-58.jpg, https://qclmaiqqfppunrodjpka.supabase.co/storage/v1/object/public/catelog-images/Dharmavaram/PHOTO-2026-08-04-21-31-58_1.jpg, https://qclmaiqqfppunrodjpka.supabase.co/storage/v1/object/public/catelog-images/Dharmavaram/PHOTO-2026-08-04-21-31-58_2.jpg"
SKU-DHM-005,Dharmavaram Pattu Saree #005,3499,Dharmavaram,Magenta & Gold,Dharmavaram Silk,Women,Free Size,10,"Exquisite handloom Dharmavaram Pattu Saree #005 crafted with premium Dharmavaram Silk. Perfect for weddings, festive celebrations, and special occasions.","https://qclmaiqqfppunrodjpka.supabase.co/storage/v1/object/public/catelog-images/Dharmavaram/PHOTO-2026-08-04-21-31-59.jpg, https://qclmaiqqfppunrodjpka.supabase.co/storage/v1/object/public/catelog-images/Dharmavaram/PHOTO-2026-08-04-21-31-59_1.jpg, https://qclmaiqqfppunrodjpka.supabase.co/storage/v1/object/public/catelog-images/Dharmavaram/PHOTO-2026-08-04-21-31-59_2.jpg"
SKU-DHM-006,Dharmavaram Pattu Saree #006,3499,Dharmavaram,Magenta & Gold,Dharmavaram Silk,Women,Free Size,10,"Exquisite handloom Dharmavaram Pattu Saree #006 crafted with premium Dharmavaram Silk. Perfect for weddings, festive celebrations, and special occasions.","https://qclmaiqqfppunrodjpka.supabase.co/storage/v1/object/public/catelog-images/Dharmavaram/PHOTO-2026-08-04-21-32-00.jpg, https://qclmaiqqfppunrodjpka.supabase.co/storage/v1/object/public/catelog-images/Dharmavaram/PHOTO-2026-08-04-21-32-00_1.jpg, https://qclmaiqqfppunrodjpka.supabase.co/storage/v1/object/public/catelog-images/Dharmavaram/PHOTO-2026-08-04-21-32-00_2.jpg"
SKU-DHM-007,Dharmavaram Pattu Saree #007,3499,Dharmavaram,Magenta & Gold,Dharmavaram Silk,Women,Free Size,10,"Exquisite handloom Dharmavaram Pattu Saree #007 crafted with premium Dharmavaram Silk. Perfect for weddings, festive celebrations, and special occasions.","https://qclmaiqqfppunrodjpka.supabase.co/storage/v1/object/public/catelog-images/Dharmavaram/PHOTO-2026-08-04-21-32-01.jpg, https://qclmaiqqfppunrodjpka.supabase.co/storage/v1/object/public/catelog-images/Dharmavaram/PHOTO-2026-08-04-21-32-01_1.jpg, https://qclmaiqqfppunrodjpka.supabase.co/storage/v1/object/public/catelog-images/Dharmavaram/PHOTO-2026-08-04-21-32-01_2.jpg"
SKU-DHM-008,Dharmavaram Pattu Saree #008,3499,Dharmavaram,Magenta & Gold,Dharmavaram Silk,Women,Free Size,10,"Exquisite handloom Dharmavaram Pattu Saree #008 crafted with premium Dharmavaram Silk. Perfect for weddings, festive celebrations, and special occasions.","https://qclmaiqqfppunrodjpka.supabase.co/storage/v1/object/public/catelog-images/Dharmavaram/PHOTO-2026-08-04-21-32-02.jpg, https://qclmaiqqfppunrodjpka.supabase.co/storage/v1/object/public/catelog-images/Dharmavaram/PHOTO-2026-08-04-21-32-02_1.jpg"
SKU-DHM-009,Dharmavaram Pattu Saree #009,3499,Dharmavaram,Magenta & Gold,Dharmavaram Silk,Women,Free Size,10,"Exquisite handloom Dharmavaram Pattu Saree #009 crafted with premium Dharmavaram Silk. Perfect for weddings, festive celebrations, and special occasions.","https://qclmaiqqfppunrodjpka.supabase.co/storage/v1/object/public/catelog-images/Dharmavaram/PHOTO-2026-08-04-21-32-03.jpg, https://qclmaiqqfppunrodjpka.supabase.co/storage/v1/object/public/catelog-images/Dharmavaram/PHOTO-2026-08-04-21-32-03_1.jpg, https://qclmaiqqfppunrodjpka.supabase.co/storage/v1/object/public/catelog-images/Dharmavaram/PHOTO-2026-08-04-21-32-03_2.jpg"
SKU-DHM-010,Dharmavaram Pattu Saree #010,3499,Dharmavaram,Magenta & Gold,Dharmavaram Silk,Women,Free Size,10,"Exquisite handloom Dharmavaram Pattu Saree #010 crafted with premium Dharmavaram Silk. Perfect for weddings, festive celebrations, and special occasions.","https://qclmaiqqfppunrodjpka.supabase.co/storage/v1/object/public/catelog-images/Dharmavaram/PHOTO-2026-08-04-21-32-04.jpg, https://qclmaiqqfppunrodjpka.supabase.co/storage/v1/object/public/catelog-images/Dharmavaram/PHOTO-2026-08-04-21-32-04_1.jpg, https://qclmaiqqfppunrodjpka.supabase.co/storage/v1/object/public/catelog-images/Dharmavaram/PHOTO-2026-08-04-21-32-04_2.jpg"
SKU-DHM-011,Dharmavaram Pattu Saree #011,3499,Dharmavaram,Magenta & Gold,Dharmavaram Silk,Women,Free Size,10,"Exquisite handloom Dharmavaram Pattu Saree #011 crafted with premium Dharmavaram Silk. Perfect for weddings, festive celebrations, and special occasions.","https://qclmaiqqfppunrodjpka.supabase.co/storage/v1/object/public/catelog-images/Dharmavaram/PHOTO-2026-08-04-21-32-05.jpg, https://qclmaiqqfppunrodjpka.supabase.co/storage/v1/object/public/catelog-images/Dharmavaram/PHOTO-2026-08-04-21-32-05_1.jpg, https://qclmaiqqfppunrodjpka.supabase.co/storage/v1/object/public/catelog-images/Dharmavaram/PHOTO-2026-08-04-21-32-05_2.jpg"
SKU-DHM-012,Dharmavaram Pattu Saree #012,3499,Dharmavaram,Magenta & Gold,Dharmavaram Silk,Women,Free Size,10,"Exquisite handloom Dharmavaram Pattu Saree #012 crafted with premium Dharmavaram Silk. Perfect for weddings, festive celebrations, and special occasions.","https://qclmaiqqfppunrodjpka.supabase.co/storage/v1/object/public/catelog-images/Dharmavaram/PHOTO-2026-08-04-21-32-06.jpg, https://qclmaiqqfppunrodjpka.supabase.co/storage/v1/object/public/catelog-images/Dharmavaram/PHOTO-2026-08-04-21-32-06_1.jpg, https://qclmaiqqfppunrodjpka.supabase.co/storage/v1/object/public/catelog-images/Dharmavaram/PHOTO-2026-08-04-21-32-06_2.jpg"
SKU-KNC-P-001,Pure Kanchipuram Silk Saree #001,6999,Kanchipuram_pure,Royal Crimson,Pure Mulberry Silk,Women,Free Size,10,"Exquisite handloom Pure Kanchipuram Silk Saree #001 crafted with premium Pure Mulberry Silk. Perfect for weddings, festive celebrations, and special occasions.","https://qclmaiqqfppunrodjpka.supabase.co/storage/v1/object/public/catelog-images/Kanchipuram_pure/PHOTO-2026-07-24-20-16-08.jpg, https://qclmaiqqfppunrodjpka.supabase.co/storage/v1/object/public/catelog-images/Kanchipuram_pure/PHOTO-2026-07-24-20-16-08_1.jpg, https://qclmaiqqfppunrodjpka.supabase.co/storage/v1/object/public/catelog-images/Kanchipuram_pure/PHOTO-2026-07-24-20-16-08_2.jpg"
SKU-KNC-P-002,Pure Kanchipuram Silk Saree #002,6999,Kanchipuram_pure,Royal Crimson,Pure Mulberry Silk,Women,Free Size,10,"Exquisite handloom Pure Kanchipuram Silk Saree #002 crafted with premium Pure Mulberry Silk. Perfect for weddings, festive celebrations, and special occasions.","https://qclmaiqqfppunrodjpka.supabase.co/storage/v1/object/public/catelog-images/Kanchipuram_pure/PHOTO-2026-07-24-20-16-09.jpg, https://qclmaiqqfppunrodjpka.supabase.co/storage/v1/object/public/catelog-images/Kanchipuram_pure/PHOTO-2026-07-24-20-16-09_1.jpg, https://qclmaiqqfppunrodjpka.supabase.co/storage/v1/object/public/catelog-images/Kanchipuram_pure/PHOTO-2026-07-24-20-16-09_2.jpg"
SKU-KNC-P-003,Pure Kanchipuram Silk Saree #003,6999,Kanchipuram_pure,Royal Crimson,Pure Mulberry Silk,Women,Free Size,10,"Exquisite handloom Pure Kanchipuram Silk Saree #003 crafted with premium Pure Mulberry Silk. Perfect for weddings, festive celebrations, and special occasions.","https://qclmaiqqfppunrodjpka.supabase.co/storage/v1/object/public/catelog-images/Kanchipuram_pure/PHOTO-2026-07-24-20-16-10.jpg, https://qclmaiqqfppunrodjpka.supabase.co/storage/v1/object/public/catelog-images/Kanchipuram_pure/PHOTO-2026-07-24-20-16-10_1.jpg, https://qclmaiqqfppunrodjpka.supabase.co/storage/v1/object/public/catelog-images/Kanchipuram_pure/PHOTO-2026-07-24-20-16-10_2.jpg"
SKU-KNC-P-004,Pure Kanchipuram Silk Saree #004,6999,Kanchipuram_pure,Royal Crimson,Pure Mulberry Silk,Women,Free Size,10,"Exquisite handloom Pure Kanchipuram Silk Saree #004 crafted with premium Pure Mulberry Silk. Perfect for weddings, festive celebrations, and special occasions.","https://qclmaiqqfppunrodjpka.supabase.co/storage/v1/object/public/catelog-images/Kanchipuram_pure/PHOTO-2026-07-24-20-16-12.jpg, https://qclmaiqqfppunrodjpka.supabase.co/storage/v1/object/public/catelog-images/Kanchipuram_pure/PHOTO-2026-07-24-20-16-12_1.jpg"
SKU-KNC-P-005,Pure Kanchipuram Silk Saree #005,6999,Kanchipuram_pure,Royal Crimson,Pure Mulberry Silk,Women,Free Size,10,"Exquisite handloom Pure Kanchipuram Silk Saree #005 crafted with premium Pure Mulberry Silk. Perfect for weddings, festive celebrations, and special occasions.","https://qclmaiqqfppunrodjpka.supabase.co/storage/v1/object/public/catelog-images/Kanchipuram_pure/PHOTO-2026-07-24-20-16-13.jpg, https://qclmaiqqfppunrodjpka.supabase.co/storage/v1/object/public/catelog-images/Kanchipuram_pure/PHOTO-2026-07-24-20-16-13_1.jpg"
SKU-KNC-P-006,Pure Kanchipuram Silk Saree #006,6999,Kanchipuram_pure,Royal Crimson,Pure Mulberry Silk,Women,Free Size,10,"Exquisite handloom Pure Kanchipuram Silk Saree #006 crafted with premium Pure Mulberry Silk. Perfect for weddings, festive celebrations, and special occasions.","https://qclmaiqqfppunrodjpka.supabase.co/storage/v1/object/public/catelog-images/Kanchipuram_pure/PHOTO-2026-07-24-20-16-14.jpg, https://qclmaiqqfppunrodjpka.supabase.co/storage/v1/object/public/catelog-images/Kanchipuram_pure/PHOTO-2026-07-24-20-16-14_1.jpg"
SKU-KNC-S-001,Kanchipuram Semi Silk Saree #001,2999,Kanchipuram_semi,Peacock Blue,Semi Silk,Women,Free Size,10,"Exquisite handloom Kanchipuram Semi Silk Saree #001 crafted with premium Semi Silk. Perfect for weddings, festive celebrations, and special occasions.",https://qclmaiqqfppunrodjpka.supabase.co/storage/v1/object/public/catelog-images/Kanchipuram_semi/PHOTO-2026-07-07-19-54-23.jpg
SKU-KNC-S-002,Kanchipuram Semi Silk Saree #002,2999,Kanchipuram_semi,Peacock Blue,Semi Silk,Women,Free Size,10,"Exquisite handloom Kanchipuram Semi Silk Saree #002 crafted with premium Semi Silk. Perfect for weddings, festive celebrations, and special occasions.",https://qclmaiqqfppunrodjpka.supabase.co/storage/v1/object/public/catelog-images/Kanchipuram_semi/PHOTO-2026-07-07-19-54-24.jpg
SKU-KNC-S-003,Kanchipuram Semi Silk Saree #003,2999,Kanchipuram_semi,Peacock Blue,Semi Silk,Women,Free Size,10,"Exquisite handloom Kanchipuram Semi Silk Saree #003 crafted with premium Semi Silk. Perfect for weddings, festive celebrations, and special occasions.",https://qclmaiqqfppunrodjpka.supabase.co/storage/v1/object/public/catelog-images/Kanchipuram_semi/PHOTO-2026-07-07-19-54-32.jpg
SKU-KNC-S-004,Kanchipuram Semi Silk Saree #004,2999,Kanchipuram_semi,Peacock Blue,Semi Silk,Women,Free Size,10,"Exquisite handloom Kanchipuram Semi Silk Saree #004 crafted with premium Semi Silk. Perfect for weddings, festive celebrations, and special occasions.","https://qclmaiqqfppunrodjpka.supabase.co/storage/v1/object/public/catelog-images/Kanchipuram_semi/PHOTO-2026-07-07-19-54-33.jpg, https://qclmaiqqfppunrodjpka.supabase.co/storage/v1/object/public/catelog-images/Kanchipuram_semi/PHOTO-2026-07-07-19-54-33_1.jpg, https://qclmaiqqfppunrodjpka.supabase.co/storage/v1/object/public/catelog-images/Kanchipuram_semi/PHOTO-2026-07-07-19-54-33_2.jpg"
SKU-KNC-S-005,Kanchipuram Semi Silk Saree #005,2999,Kanchipuram_semi,Peacock Blue,Semi Silk,Women,Free Size,10,"Exquisite handloom Kanchipuram Semi Silk Saree #005 crafted with premium Semi Silk. Perfect for weddings, festive celebrations, and special occasions.",https://qclmaiqqfppunrodjpka.supabase.co/storage/v1/object/public/catelog-images/Kanchipuram_semi/PHOTO-2026-07-07-19-54-34.jpg
SKU-KNC-S-006,Kanchipuram Semi Silk Saree #006,2999,Kanchipuram_semi,Peacock Blue,Semi Silk,Women,Free Size,10,"Exquisite handloom Kanchipuram Semi Silk Saree #006 crafted with premium Semi Silk. Perfect for weddings, festive celebrations, and special occasions.",https://qclmaiqqfppunrodjpka.supabase.co/storage/v1/object/public/catelog-images/Kanchipuram_semi/PHOTO-2026-07-07-19-54-36.jpg
SKU-KNC-S-007,Kanchipuram Semi Silk Saree #007,2999,Kanchipuram_semi,Peacock Blue,Semi Silk,Women,Free Size,10,"Exquisite handloom Kanchipuram Semi Silk Saree #007 crafted with premium Semi Silk. Perfect for weddings, festive celebrations, and special occasions.","https://qclmaiqqfppunrodjpka.supabase.co/storage/v1/object/public/catelog-images/Kanchipuram_semi/PHOTO-2026-07-07-19-54-42.jpg, https://qclmaiqqfppunrodjpka.supabase.co/storage/v1/object/public/catelog-images/Kanchipuram_semi/PHOTO-2026-07-07-19-54-42_1.jpg, https://qclmaiqqfppunrodjpka.supabase.co/storage/v1/object/public/catelog-images/Kanchipuram_semi/PHOTO-2026-07-07-19-54-42_2.jpg"
SKU-KNC-S-008,Kanchipuram Semi Silk Saree #008,2999,Kanchipuram_semi,Peacock Blue,Semi Silk,Women,Free Size,10,"Exquisite handloom Kanchipuram Semi Silk Saree #008 crafted with premium Semi Silk. Perfect for weddings, festive celebrations, and special occasions.","https://qclmaiqqfppunrodjpka.supabase.co/storage/v1/object/public/catelog-images/Kanchipuram_semi/PHOTO-2026-07-07-19-54-43.jpg, https://qclmaiqqfppunrodjpka.supabase.co/storage/v1/object/public/catelog-images/Kanchipuram_semi/PHOTO-2026-07-07-19-54-43_1.jpg, https://qclmaiqqfppunrodjpka.supabase.co/storage/v1/object/public/catelog-images/Kanchipuram_semi/PHOTO-2026-07-07-19-54-43_2.jpg"
SKU-KNC-S-009,Kanchipuram Semi Silk Saree #009,2999,Kanchipuram_semi,Peacock Blue,Semi Silk,Women,Free Size,10,"Exquisite handloom Kanchipuram Semi Silk Saree #009 crafted with premium Semi Silk. Perfect for weddings, festive celebrations, and special occasions.","https://qclmaiqqfppunrodjpka.supabase.co/storage/v1/object/public/catelog-images/Kanchipuram_semi/PHOTO-2026-07-07-19-54-44.jpg, https://qclmaiqqfppunrodjpka.supabase.co/storage/v1/object/public/catelog-images/Kanchipuram_semi/PHOTO-2026-07-07-19-54-44_1.jpg, https://qclmaiqqfppunrodjpka.supabase.co/storage/v1/object/public/catelog-images/Kanchipuram_semi/PHOTO-2026-07-07-19-54-44_2.jpg"
SKU-KNC-S-010,Kanchipuram Semi Silk Saree #010,2999,Kanchipuram_semi,Peacock Blue,Semi Silk,Women,Free Size,10,"Exquisite handloom Kanchipuram Semi Silk Saree #010 crafted with premium Semi Silk. Perfect for weddings, festive celebrations, and special occasions.","https://qclmaiqqfppunrodjpka.supabase.co/storage/v1/object/public/catelog-images/Kanchipuram_semi/PHOTO-2026-07-07-19-54-45.jpg, https://qclmaiqqfppunrodjpka.supabase.co/storage/v1/object/public/catelog-images/Kanchipuram_semi/PHOTO-2026-07-07-19-54-45_1.jpg, https://qclmaiqqfppunrodjpka.supabase.co/storage/v1/object/public/catelog-images/Kanchipuram_semi/PHOTO-2026-07-07-19-54-45_2.jpg"
SKU-KNC-S-011,Kanchipuram Semi Silk Saree #011,2999,Kanchipuram_semi,Peacock Blue,Semi Silk,Women,Free Size,10,"Exquisite handloom Kanchipuram Semi Silk Saree #011 crafted with premium Semi Silk. Perfect for weddings, festive celebrations, and special occasions.","https://qclmaiqqfppunrodjpka.supabase.co/storage/v1/object/public/catelog-images/Kanchipuram_semi/PHOTO-2026-07-07-19-54-46.jpg, https://qclmaiqqfppunrodjpka.supabase.co/storage/v1/object/public/catelog-images/Kanchipuram_semi/PHOTO-2026-07-07-19-54-46_1.jpg, https://qclmaiqqfppunrodjpka.supabase.co/storage/v1/object/public/catelog-images/Kanchipuram_semi/PHOTO-2026-07-07-19-54-46_2.jpg"
SKU-KNC-S-012,Kanchipuram Semi Silk Saree #012,2999,Kanchipuram_semi,Peacock Blue,Semi Silk,Women,Free Size,10,"Exquisite handloom Kanchipuram Semi Silk Saree #012 crafted with premium Semi Silk. Perfect for weddings, festive celebrations, and special occasions.","https://qclmaiqqfppunrodjpka.supabase.co/storage/v1/object/public/catelog-images/Kanchipuram_semi/PHOTO-2026-07-07-19-54-47.jpg, https://qclmaiqqfppunrodjpka.supabase.co/storage/v1/object/public/catelog-images/Kanchipuram_semi/PHOTO-2026-07-07-19-54-47_1.jpg, https://qclmaiqqfppunrodjpka.supabase.co/storage/v1/object/public/catelog-images/Kanchipuram_semi/PHOTO-2026-07-07-19-54-47_2.jpg"
SKU-KNC-S-013,Kanchipuram Semi Silk Saree #013,2999,Kanchipuram_semi,Peacock Blue,Semi Silk,Women,Free Size,10,"Exquisite handloom Kanchipuram Semi Silk Saree #013 crafted with premium Semi Silk. Perfect for weddings, festive celebrations, and special occasions.","https://qclmaiqqfppunrodjpka.supabase.co/storage/v1/object/public/catelog-images/Kanchipuram_semi/PHOTO-2026-07-07-19-54-48.jpg, https://qclmaiqqfppunrodjpka.supabase.co/storage/v1/object/public/catelog-images/Kanchipuram_semi/PHOTO-2026-07-07-19-54-48_1.jpg"
SKU-KNC-S-014,Kanchipuram Semi Silk Saree #014,2999,Kanchipuram_semi,Peacock Blue,Semi Silk,Women,Free Size,10,"Exquisite handloom Kanchipuram Semi Silk Saree #014 crafted with premium Semi Silk. Perfect for weddings, festive celebrations, and special occasions.","https://qclmaiqqfppunrodjpka.supabase.co/storage/v1/object/public/catelog-images/Kanchipuram_semi/PHOTO-2026-07-07-19-54-49.jpg, https://qclmaiqqfppunrodjpka.supabase.co/storage/v1/object/public/catelog-images/Kanchipuram_semi/PHOTO-2026-07-07-19-54-49_1.jpg, https://qclmaiqqfppunrodjpka.supabase.co/storage/v1/object/public/catelog-images/Kanchipuram_semi/PHOTO-2026-07-07-19-54-49_2.jpg"
SKU-KNC-S-015,Kanchipuram Semi Silk Saree #015,2999,Kanchipuram_semi,Peacock Blue,Semi Silk,Women,Free Size,10,"Exquisite handloom Kanchipuram Semi Silk Saree #015 crafted with premium Semi Silk. Perfect for weddings, festive celebrations, and special occasions.","https://qclmaiqqfppunrodjpka.supabase.co/storage/v1/object/public/catelog-images/Kanchipuram_semi/PHOTO-2026-07-07-19-54-50.jpg, https://qclmaiqqfppunrodjpka.supabase.co/storage/v1/object/public/catelog-images/Kanchipuram_semi/PHOTO-2026-07-07-19-54-50_1.jpg, https://qclmaiqqfppunrodjpka.supabase.co/storage/v1/object/public/catelog-images/Kanchipuram_semi/PHOTO-2026-07-07-19-54-50_2.jpg"
SKU-KNC-S-016,Kanchipuram Semi Silk Saree #016,2999,Kanchipuram_semi,Peacock Blue,Semi Silk,Women,Free Size,10,"Exquisite handloom Kanchipuram Semi Silk Saree #016 crafted with premium Semi Silk. Perfect for weddings, festive celebrations, and special occasions.",https://qclmaiqqfppunrodjpka.supabase.co/storage/v1/object/public/catelog-images/Kanchipuram_semi/PHOTO-2026-07-07-19-54-51.jpg
SKU-KNC-S-017,Kanchipuram Semi Silk Saree #017,2999,Kanchipuram_semi,Peacock Blue,Semi Silk,Women,Free Size,10,"Exquisite handloom Kanchipuram Semi Silk Saree #017 crafted with premium Semi Silk. Perfect for weddings, festive celebrations, and special occasions.","https://qclmaiqqfppunrodjpka.supabase.co/storage/v1/object/public/catelog-images/Kanchipuram_semi/PHOTO-2026-07-07-19-54-52.jpg, https://qclmaiqqfppunrodjpka.supabase.co/storage/v1/object/public/catelog-images/Kanchipuram_semi/PHOTO-2026-07-07-19-54-52_1.jpg, https://qclmaiqqfppunrodjpka.supabase.co/storage/v1/object/public/catelog-images/Kanchipuram_semi/PHOTO-2026-07-07-19-54-52_2.jpg"
SKU-KNJ-001,Kanjivaram Zari Work Saree #001,4999,Kanjivaram,Maroon & Zari,Kanjivaram Silk,Women,Free Size,10,"Exquisite handloom Kanjivaram Zari Work Saree #001 crafted with premium Kanjivaram Silk. Perfect for weddings, festive celebrations, and special occasions.","https://qclmaiqqfppunrodjpka.supabase.co/storage/v1/object/public/catelog-images/Kanjivaram/IMG_0827.JPG, https://qclmaiqqfppunrodjpka.supabase.co/storage/v1/object/public/catelog-images/Kanjivaram/IMG_0837.JPG, https://qclmaiqqfppunrodjpka.supabase.co/storage/v1/object/public/catelog-images/Kanjivaram/IMG_0847.JPG"
SKU-KNJ-002,Kanjivaram Zari Work Saree #002,4999,Kanjivaram,Maroon & Zari,Kanjivaram Silk,Women,Free Size,10,"Exquisite handloom Kanjivaram Zari Work Saree #002 crafted with premium Kanjivaram Silk. Perfect for weddings, festive celebrations, and special occasions.","https://qclmaiqqfppunrodjpka.supabase.co/storage/v1/object/public/catelog-images/Kanjivaram/PHOTO-2026-08-04-21-31-55.jpg, https://qclmaiqqfppunrodjpka.supabase.co/storage/v1/object/public/catelog-images/Kanjivaram/PHOTO-2026-08-04-21-31-55_1.jpg"
SKU-KNJ-003,Kanjivaram Zari Work Saree #003,4999,Kanjivaram,Maroon & Zari,Kanjivaram Silk,Women,Free Size,10,"Exquisite handloom Kanjivaram Zari Work Saree #003 crafted with premium Kanjivaram Silk. Perfect for weddings, festive celebrations, and special occasions.","https://qclmaiqqfppunrodjpka.supabase.co/storage/v1/object/public/catelog-images/Kanjivaram/PHOTO-2026-08-04-21-31-56.jpg, https://qclmaiqqfppunrodjpka.supabase.co/storage/v1/object/public/catelog-images/Kanjivaram/PHOTO-2026-08-04-21-31-56_1.jpg, https://qclmaiqqfppunrodjpka.supabase.co/storage/v1/object/public/catelog-images/Kanjivaram/PHOTO-2026-08-04-21-31-56_2.jpg"
SKU-KNJ-004,Kanjivaram Zari Work Saree #004,4999,Kanjivaram,Maroon & Zari,Kanjivaram Silk,Women,Free Size,10,"Exquisite handloom Kanjivaram Zari Work Saree #004 crafted with premium Kanjivaram Silk. Perfect for weddings, festive celebrations, and special occasions.","https://qclmaiqqfppunrodjpka.supabase.co/storage/v1/object/public/catelog-images/Kanjivaram/PHOTO-2026-08-04-21-31-57.jpg, https://qclmaiqqfppunrodjpka.supabase.co/storage/v1/object/public/catelog-images/Kanjivaram/PHOTO-2026-08-04-21-31-57_1.jpg"
SKU-KNJ-005,Kanjivaram Zari Work Saree #005,4999,Kanjivaram,Maroon & Zari,Kanjivaram Silk,Women,Free Size,10,"Exquisite handloom Kanjivaram Zari Work Saree #005 crafted with premium Kanjivaram Silk. Perfect for weddings, festive celebrations, and special occasions.","https://qclmaiqqfppunrodjpka.supabase.co/storage/v1/object/public/catelog-images/Kanjivaram/PHOTO-2026-08-04-21-31-58.jpg, https://qclmaiqqfppunrodjpka.supabase.co/storage/v1/object/public/catelog-images/Kanjivaram/PHOTO-2026-08-04-21-31-58_1.jpg, https://qclmaiqqfppunrodjpka.supabase.co/storage/v1/object/public/catelog-images/Kanjivaram/PHOTO-2026-08-04-21-31-58_2.jpg"
SKU-KNJ-006,Kanjivaram Zari Work Saree #006,4999,Kanjivaram,Maroon & Zari,Kanjivaram Silk,Women,Free Size,10,"Exquisite handloom Kanjivaram Zari Work Saree #006 crafted with premium Kanjivaram Silk. Perfect for weddings, festive celebrations, and special occasions.","https://qclmaiqqfppunrodjpka.supabase.co/storage/v1/object/public/catelog-images/Kanjivaram/PHOTO-2026-08-04-21-31-59.jpg, https://qclmaiqqfppunrodjpka.supabase.co/storage/v1/object/public/catelog-images/Kanjivaram/PHOTO-2026-08-04-21-31-59_1.jpg, https://qclmaiqqfppunrodjpka.supabase.co/storage/v1/object/public/catelog-images/Kanjivaram/PHOTO-2026-08-04-21-31-59_2.jpg"
SKU-KNJ-007,Kanjivaram Zari Work Saree #007,4999,Kanjivaram,Maroon & Zari,Kanjivaram Silk,Women,Free Size,10,"Exquisite handloom Kanjivaram Zari Work Saree #007 crafted with premium Kanjivaram Silk. Perfect for weddings, festive celebrations, and special occasions.","https://qclmaiqqfppunrodjpka.supabase.co/storage/v1/object/public/catelog-images/Kanjivaram/PHOTO-2026-08-04-21-32-00.jpg, https://qclmaiqqfppunrodjpka.supabase.co/storage/v1/object/public/catelog-images/Kanjivaram/PHOTO-2026-08-04-21-32-00_1.jpg, https://qclmaiqqfppunrodjpka.supabase.co/storage/v1/object/public/catelog-images/Kanjivaram/PHOTO-2026-08-04-21-32-00_2.jpg"
SKU-KNJ-008,Kanjivaram Zari Work Saree #008,4999,Kanjivaram,Maroon & Zari,Kanjivaram Silk,Women,Free Size,10,"Exquisite handloom Kanjivaram Zari Work Saree #008 crafted with premium Kanjivaram Silk. Perfect for weddings, festive celebrations, and special occasions.","https://qclmaiqqfppunrodjpka.supabase.co/storage/v1/object/public/catelog-images/Kanjivaram/PHOTO-2026-08-04-21-32-01.jpg, https://qclmaiqqfppunrodjpka.supabase.co/storage/v1/object/public/catelog-images/Kanjivaram/PHOTO-2026-08-04-21-32-01_1.jpg, https://qclmaiqqfppunrodjpka.supabase.co/storage/v1/object/public/catelog-images/Kanjivaram/PHOTO-2026-08-04-21-32-01_2.jpg"
SKU-KNJ-009,Kanjivaram Zari Work Saree #009,4999,Kanjivaram,Maroon & Zari,Kanjivaram Silk,Women,Free Size,10,"Exquisite handloom Kanjivaram Zari Work Saree #009 crafted with premium Kanjivaram Silk. Perfect for weddings, festive celebrations, and special occasions.","https://qclmaiqqfppunrodjpka.supabase.co/storage/v1/object/public/catelog-images/Kanjivaram/PHOTO-2026-08-04-21-32-02.jpg, https://qclmaiqqfppunrodjpka.supabase.co/storage/v1/object/public/catelog-images/Kanjivaram/PHOTO-2026-08-04-21-32-02_1.jpg"
SKU-KNJ-010,Kanjivaram Zari Work Saree #010,4999,Kanjivaram,Maroon & Zari,Kanjivaram Silk,Women,Free Size,10,"Exquisite handloom Kanjivaram Zari Work Saree #010 crafted with premium Kanjivaram Silk. Perfect for weddings, festive celebrations, and special occasions.","https://qclmaiqqfppunrodjpka.supabase.co/storage/v1/object/public/catelog-images/Kanjivaram/PHOTO-2026-08-04-21-32-03.jpg, https://qclmaiqqfppunrodjpka.supabase.co/storage/v1/object/public/catelog-images/Kanjivaram/PHOTO-2026-08-04-21-32-03_1.jpg, https://qclmaiqqfppunrodjpka.supabase.co/storage/v1/object/public/catelog-images/Kanjivaram/PHOTO-2026-08-04-21-32-03_2.jpg"
SKU-KNJ-011,Kanjivaram Zari Work Saree #011,4999,Kanjivaram,Maroon & Zari,Kanjivaram Silk,Women,Free Size,10,"Exquisite handloom Kanjivaram Zari Work Saree #011 crafted with premium Kanjivaram Silk. Perfect for weddings, festive celebrations, and special occasions.","https://qclmaiqqfppunrodjpka.supabase.co/storage/v1/object/public/catelog-images/Kanjivaram/PHOTO-2026-08-04-21-32-04.jpg, https://qclmaiqqfppunrodjpka.supabase.co/storage/v1/object/public/catelog-images/Kanjivaram/PHOTO-2026-08-04-21-32-04_1.jpg, https://qclmaiqqfppunrodjpka.supabase.co/storage/v1/object/public/catelog-images/Kanjivaram/PHOTO-2026-08-04-21-32-04_2.jpg"
SKU-KNJ-012,Kanjivaram Zari Work Saree #012,4999,Kanjivaram,Maroon & Zari,Kanjivaram Silk,Women,Free Size,10,"Exquisite handloom Kanjivaram Zari Work Saree #012 crafted with premium Kanjivaram Silk. Perfect for weddings, festive celebrations, and special occasions.","https://qclmaiqqfppunrodjpka.supabase.co/storage/v1/object/public/catelog-images/Kanjivaram/PHOTO-2026-08-04-21-32-05.jpg, https://qclmaiqqfppunrodjpka.supabase.co/storage/v1/object/public/catelog-images/Kanjivaram/PHOTO-2026-08-04-21-32-05_1.jpg, https://qclmaiqqfppunrodjpka.supabase.co/storage/v1/object/public/catelog-images/Kanjivaram/PHOTO-2026-08-04-21-32-05_2.jpg"
SKU-KNJ-013,Kanjivaram Zari Work Saree #013,4999,Kanjivaram,Maroon & Zari,Kanjivaram Silk,Women,Free Size,10,"Exquisite handloom Kanjivaram Zari Work Saree #013 crafted with premium Kanjivaram Silk. Perfect for weddings, festive celebrations, and special occasions.","https://qclmaiqqfppunrodjpka.supabase.co/storage/v1/object/public/catelog-images/Kanjivaram/PHOTO-2026-08-04-21-32-06.jpg, https://qclmaiqqfppunrodjpka.supabase.co/storage/v1/object/public/catelog-images/Kanjivaram/PHOTO-2026-08-04-21-32-06_1.jpg, https://qclmaiqqfppunrodjpka.supabase.co/storage/v1/object/public/catelog-images/Kanjivaram/PHOTO-2026-08-04-21-32-06_2.jpg"
SKU-UPD-001,Uppada Jamdani Tissue Saree #001,3299,Uppada,Pink & Gold,Uppada Tissue Silk,Women,Free Size,10,"Exquisite handloom Uppada Jamdani Tissue Saree #001 crafted with premium Uppada Tissue Silk. Perfect for weddings, festive celebrations, and special occasions.","https://qclmaiqqfppunrodjpka.supabase.co/storage/v1/object/public/catelog-images/Uppada/PHOTO-2026-07-07-19-48-01.jpg, https://qclmaiqqfppunrodjpka.supabase.co/storage/v1/object/public/catelog-images/Uppada/PHOTO-2026-07-07-19-48-01_1.jpg, https://qclmaiqqfppunrodjpka.supabase.co/storage/v1/object/public/catelog-images/Uppada/PHOTO-2026-07-07-19-48-01_2.jpg, https://qclmaiqqfppunrodjpka.supabase.co/storage/v1/object/public/catelog-images/Uppada/PHOTO-2026-07-07-19-48-01_3.jpg"
SKU-UPD-002,Uppada Jamdani Tissue Saree #002,3299,Uppada,Pink & Gold,Uppada Tissue Silk,Women,Free Size,10,"Exquisite handloom Uppada Jamdani Tissue Saree #002 crafted with premium Uppada Tissue Silk. Perfect for weddings, festive celebrations, and special occasions.","https://qclmaiqqfppunrodjpka.supabase.co/storage/v1/object/public/catelog-images/Uppada/PHOTO-2026-07-07-19-48-02.jpg, https://qclmaiqqfppunrodjpka.supabase.co/storage/v1/object/public/catelog-images/Uppada/PHOTO-2026-07-07-19-48-02_1.jpg, https://qclmaiqqfppunrodjpka.supabase.co/storage/v1/object/public/catelog-images/Uppada/PHOTO-2026-07-07-19-48-02_2.jpg"
SKU-UPD-003,Uppada Jamdani Tissue Saree #003,3299,Uppada,Pink & Gold,Uppada Tissue Silk,Women,Free Size,10,"Exquisite handloom Uppada Jamdani Tissue Saree #003 crafted with premium Uppada Tissue Silk. Perfect for weddings, festive celebrations, and special occasions.","https://qclmaiqqfppunrodjpka.supabase.co/storage/v1/object/public/catelog-images/Uppada/PHOTO-2026-07-07-19-48-03.jpg, https://qclmaiqqfppunrodjpka.supabase.co/storage/v1/object/public/catelog-images/Uppada/PHOTO-2026-07-07-19-48-03_1.jpg, https://qclmaiqqfppunrodjpka.supabase.co/storage/v1/object/public/catelog-images/Uppada/PHOTO-2026-07-07-19-48-03_2.jpg"
SKU-UPD-004,Uppada Jamdani Tissue Saree #004,3299,Uppada,Pink & Gold,Uppada Tissue Silk,Women,Free Size,10,"Exquisite handloom Uppada Jamdani Tissue Saree #004 crafted with premium Uppada Tissue Silk. Perfect for weddings, festive celebrations, and special occasions.","https://qclmaiqqfppunrodjpka.supabase.co/storage/v1/object/public/catelog-images/Uppada/PHOTO-2026-07-07-19-48-04.jpg, https://qclmaiqqfppunrodjpka.supabase.co/storage/v1/object/public/catelog-images/Uppada/PHOTO-2026-07-07-19-48-04_1.jpg, https://qclmaiqqfppunrodjpka.supabase.co/storage/v1/object/public/catelog-images/Uppada/PHOTO-2026-07-07-19-48-04_2.jpg, https://qclmaiqqfppunrodjpka.supabase.co/storage/v1/object/public/catelog-images/Uppada/PHOTO-2026-07-07-19-48-04_3.jpg"
SKU-UPD-005,Uppada Jamdani Tissue Saree #005,3299,Uppada,Pink & Gold,Uppada Tissue Silk,Women,Free Size,10,"Exquisite handloom Uppada Jamdani Tissue Saree #005 crafted with premium Uppada Tissue Silk. Perfect for weddings, festive celebrations, and special occasions.","https://qclmaiqqfppunrodjpka.supabase.co/storage/v1/object/public/catelog-images/Uppada/PHOTO-2026-07-07-19-48-05.jpg, https://qclmaiqqfppunrodjpka.supabase.co/storage/v1/object/public/catelog-images/Uppada/PHOTO-2026-07-07-19-48-05_1.jpg, https://qclmaiqqfppunrodjpka.supabase.co/storage/v1/object/public/catelog-images/Uppada/PHOTO-2026-07-07-19-48-05_2.jpg"
SKU-UPD-006,Uppada Jamdani Tissue Saree #006,3299,Uppada,Pink & Gold,Uppada Tissue Silk,Women,Free Size,10,"Exquisite handloom Uppada Jamdani Tissue Saree #006 crafted with premium Uppada Tissue Silk. Perfect for weddings, festive celebrations, and special occasions.","https://qclmaiqqfppunrodjpka.supabase.co/storage/v1/object/public/catelog-images/Uppada/PHOTO-2026-07-07-19-48-06.jpg, https://qclmaiqqfppunrodjpka.supabase.co/storage/v1/object/public/catelog-images/Uppada/PHOTO-2026-07-07-19-48-06_1.jpg, https://qclmaiqqfppunrodjpka.supabase.co/storage/v1/object/public/catelog-images/Uppada/PHOTO-2026-07-07-19-48-06_2.jpg, https://qclmaiqqfppunrodjpka.supabase.co/storage/v1/object/public/catelog-images/Uppada/PHOTO-2026-07-07-19-48-06_3.jpg"
SKU-UPD-007,Uppada Jamdani Tissue Saree #007,3299,Uppada,Pink & Gold,Uppada Tissue Silk,Women,Free Size,10,"Exquisite handloom Uppada Jamdani Tissue Saree #007 crafted with premium Uppada Tissue Silk. Perfect for weddings, festive celebrations, and special occasions.","https://qclmaiqqfppunrodjpka.supabase.co/storage/v1/object/public/catelog-images/Uppada/PHOTO-2026-07-07-19-48-07.jpg, https://qclmaiqqfppunrodjpka.supabase.co/storage/v1/object/public/catelog-images/Uppada/PHOTO-2026-07-07-19-48-07_1.jpg, https://qclmaiqqfppunrodjpka.supabase.co/storage/v1/object/public/catelog-images/Uppada/PHOTO-2026-07-07-19-48-07_2.jpg"
SKU-UPD-008,Uppada Jamdani Tissue Saree #008,3299,Uppada,Pink & Gold,Uppada Tissue Silk,Women,Free Size,10,"Exquisite handloom Uppada Jamdani Tissue Saree #008 crafted with premium Uppada Tissue Silk. Perfect for weddings, festive celebrations, and special occasions.","https://qclmaiqqfppunrodjpka.supabase.co/storage/v1/object/public/catelog-images/Uppada/PHOTO-2026-07-07-19-48-08.jpg, https://qclmaiqqfppunrodjpka.supabase.co/storage/v1/object/public/catelog-images/Uppada/PHOTO-2026-07-07-19-48-08_1.jpg, https://qclmaiqqfppunrodjpka.supabase.co/storage/v1/object/public/catelog-images/Uppada/PHOTO-2026-07-07-19-48-08_2.jpg, https://qclmaiqqfppunrodjpka.supabase.co/storage/v1/object/public/catelog-images/Uppada/PHOTO-2026-07-07-19-48-08_3.jpg"
SKU-UPD-009,Uppada Jamdani Tissue Saree #009,3299,Uppada,Pink & Gold,Uppada Tissue Silk,Women,Free Size,10,"Exquisite handloom Uppada Jamdani Tissue Saree #009 crafted with premium Uppada Tissue Silk. Perfect for weddings, festive celebrations, and special occasions.","https://qclmaiqqfppunrodjpka.supabase.co/storage/v1/object/public/catelog-images/Uppada/PHOTO-2026-07-07-19-48-09.jpg, https://qclmaiqqfppunrodjpka.supabase.co/storage/v1/object/public/catelog-images/Uppada/PHOTO-2026-07-07-19-48-09_1.jpg, https://qclmaiqqfppunrodjpka.supabase.co/storage/v1/object/public/catelog-images/Uppada/PHOTO-2026-07-07-19-48-09_2.jpg"
SKU-UPD-010,Uppada Jamdani Tissue Saree #010,3299,Uppada,Pink & Gold,Uppada Tissue Silk,Women,Free Size,10,"Exquisite handloom Uppada Jamdani Tissue Saree #010 crafted with premium Uppada Tissue Silk. Perfect for weddings, festive celebrations, and special occasions.","https://qclmaiqqfppunrodjpka.supabase.co/storage/v1/object/public/catelog-images/Uppada/PHOTO-2026-07-07-19-48-10.jpg, https://qclmaiqqfppunrodjpka.supabase.co/storage/v1/object/public/catelog-images/Uppada/PHOTO-2026-07-07-19-48-10_1.jpg, https://qclmaiqqfppunrodjpka.supabase.co/storage/v1/object/public/catelog-images/Uppada/PHOTO-2026-07-07-19-48-10_2.jpg, https://qclmaiqqfppunrodjpka.supabase.co/storage/v1/object/public/catelog-images/Uppada/PHOTO-2026-07-07-19-48-10_3.jpg"
SKU-UPD-011,Uppada Jamdani Tissue Saree #011,3299,Uppada,Pink & Gold,Uppada Tissue Silk,Women,Free Size,10,"Exquisite handloom Uppada Jamdani Tissue Saree #011 crafted with premium Uppada Tissue Silk. Perfect for weddings, festive celebrations, and special occasions.","https://qclmaiqqfppunrodjpka.supabase.co/storage/v1/object/public/catelog-images/Uppada/PHOTO-2026-07-07-19-48-11.jpg, https://qclmaiqqfppunrodjpka.supabase.co/storage/v1/object/public/catelog-images/Uppada/PHOTO-2026-07-07-19-48-11_1.jpg, https://qclmaiqqfppunrodjpka.supabase.co/storage/v1/object/public/catelog-images/Uppada/PHOTO-2026-07-07-19-48-11_2.jpg, https://qclmaiqqfppunrodjpka.supabase.co/storage/v1/object/public/catelog-images/Uppada/PHOTO-2026-07-07-19-48-11_3.jpg"
SKU-UPD-012,Uppada Jamdani Tissue Saree #012,3299,Uppada,Pink & Gold,Uppada Tissue Silk,Women,Free Size,10,"Exquisite handloom Uppada Jamdani Tissue Saree #012 crafted with premium Uppada Tissue Silk. Perfect for weddings, festive celebrations, and special occasions.","https://qclmaiqqfppunrodjpka.supabase.co/storage/v1/object/public/catelog-images/Uppada/PHOTO-2026-07-07-19-48-12.jpg, https://qclmaiqqfppunrodjpka.supabase.co/storage/v1/object/public/catelog-images/Uppada/PHOTO-2026-07-07-19-48-12_1.jpg, https://qclmaiqqfppunrodjpka.supabase.co/storage/v1/object/public/catelog-images/Uppada/PHOTO-2026-07-07-19-48-12_2.jpg"
SKU-UPD-013,Uppada Jamdani Tissue Saree #013,3299,Uppada,Pink & Gold,Uppada Tissue Silk,Women,Free Size,10,"Exquisite handloom Uppada Jamdani Tissue Saree #013 crafted with premium Uppada Tissue Silk. Perfect for weddings, festive celebrations, and special occasions.","https://qclmaiqqfppunrodjpka.supabase.co/storage/v1/object/public/catelog-images/Uppada/PHOTO-2026-07-07-19-48-13.jpg, https://qclmaiqqfppunrodjpka.supabase.co/storage/v1/object/public/catelog-images/Uppada/PHOTO-2026-07-07-19-48-13_1.jpg, https://qclmaiqqfppunrodjpka.supabase.co/storage/v1/object/public/catelog-images/Uppada/PHOTO-2026-07-07-19-48-13_2.jpg, https://qclmaiqqfppunrodjpka.supabase.co/storage/v1/object/public/catelog-images/Uppada/PHOTO-2026-07-07-19-48-13_3.jpg"
SKU-UPD-014,Uppada Jamdani Tissue Saree #014,3299,Uppada,Pink & Gold,Uppada Tissue Silk,Women,Free Size,10,"Exquisite handloom Uppada Jamdani Tissue Saree #014 crafted with premium Uppada Tissue Silk. Perfect for weddings, festive celebrations, and special occasions.","https://qclmaiqqfppunrodjpka.supabase.co/storage/v1/object/public/catelog-images/Uppada/PHOTO-2026-07-07-19-48-14.jpg, https://qclmaiqqfppunrodjpka.supabase.co/storage/v1/object/public/catelog-images/Uppada/PHOTO-2026-07-07-19-48-14_1.jpg, https://qclmaiqqfppunrodjpka.supabase.co/storage/v1/object/public/catelog-images/Uppada/PHOTO-2026-07-07-19-48-14_2.jpg"
SKU-VNT-001,Vintage Kanchipuram Semi Saree #001,2799,Vintage_kanchipuram_semi,Mustard Yellow,Semi Silk,Women,Free Size,10,"Exquisite handloom Vintage Kanchipuram Semi Saree #001 crafted with premium Semi Silk. Perfect for weddings, festive celebrations, and special occasions.","https://qclmaiqqfppunrodjpka.supabase.co/storage/v1/object/public/catelog-images/Vintage_kanchipuram_semi/PHOTO-2026-07-31-12-53-15.jpg, https://qclmaiqqfppunrodjpka.supabase.co/storage/v1/object/public/catelog-images/Vintage_kanchipuram_semi/PHOTO-2026-07-31-12-53-15_1.jpg, https://qclmaiqqfppunrodjpka.supabase.co/storage/v1/object/public/catelog-images/Vintage_kanchipuram_semi/PHOTO-2026-07-31-12-53-15_2.jpg"
SKU-VNT-002,Vintage Kanchipuram Semi Saree #002,2799,Vintage_kanchipuram_semi,Mustard Yellow,Semi Silk,Women,Free Size,10,"Exquisite handloom Vintage Kanchipuram Semi Saree #002 crafted with premium Semi Silk. Perfect for weddings, festive celebrations, and special occasions.","https://qclmaiqqfppunrodjpka.supabase.co/storage/v1/object/public/catelog-images/Vintage_kanchipuram_semi/PHOTO-2026-07-31-12-53-16.jpg, https://qclmaiqqfppunrodjpka.supabase.co/storage/v1/object/public/catelog-images/Vintage_kanchipuram_semi/PHOTO-2026-07-31-12-53-16_1.jpg, https://qclmaiqqfppunrodjpka.supabase.co/storage/v1/object/public/catelog-images/Vintage_kanchipuram_semi/PHOTO-2026-07-31-12-53-16_2.jpg"
SKU-VNT-003,Vintage Kanchipuram Semi Saree #003,2799,Vintage_kanchipuram_semi,Mustard Yellow,Semi Silk,Women,Free Size,10,"Exquisite handloom Vintage Kanchipuram Semi Saree #003 crafted with premium Semi Silk. Perfect for weddings, festive celebrations, and special occasions.","https://qclmaiqqfppunrodjpka.supabase.co/storage/v1/object/public/catelog-images/Vintage_kanchipuram_semi/PHOTO-2026-07-31-12-53-17.jpg, https://qclmaiqqfppunrodjpka.supabase.co/storage/v1/object/public/catelog-images/Vintage_kanchipuram_semi/PHOTO-2026-07-31-12-53-17_1.jpg, https://qclmaiqqfppunrodjpka.supabase.co/storage/v1/object/public/catelog-images/Vintage_kanchipuram_semi/PHOTO-2026-07-31-12-53-17_2.jpg"
SKU-VNT-004,Vintage Kanchipuram Semi Saree #004,2799,Vintage_kanchipuram_semi,Mustard Yellow,Semi Silk,Women,Free Size,10,"Exquisite handloom Vintage Kanchipuram Semi Saree #004 crafted with premium Semi Silk. Perfect for weddings, festive celebrations, and special occasions.","https://qclmaiqqfppunrodjpka.supabase.co/storage/v1/object/public/catelog-images/Vintage_kanchipuram_semi/PHOTO-2026-07-31-12-53-18.jpg, https://qclmaiqqfppunrodjpka.supabase.co/storage/v1/object/public/catelog-images/Vintage_kanchipuram_semi/PHOTO-2026-07-31-12-53-18_1.jpg, https://qclmaiqqfppunrodjpka.supabase.co/storage/v1/object/public/catelog-images/Vintage_kanchipuram_semi/PHOTO-2026-07-31-12-53-18_2.jpg, https://qclmaiqqfppunrodjpka.supabase.co/storage/v1/object/public/catelog-images/Vintage_kanchipuram_semi/PHOTO-2026-07-31-12-53-18_3.jpg"
SKU-VNT-005,Vintage Kanchipuram Semi Saree #005,2799,Vintage_kanchipuram_semi,Mustard Yellow,Semi Silk,Women,Free Size,10,"Exquisite handloom Vintage Kanchipuram Semi Saree #005 crafted with premium Semi Silk. Perfect for weddings, festive celebrations, and special occasions.","https://qclmaiqqfppunrodjpka.supabase.co/storage/v1/object/public/catelog-images/Vintage_kanchipuram_semi/PHOTO-2026-07-31-12-53-19.jpg, https://qclmaiqqfppunrodjpka.supabase.co/storage/v1/object/public/catelog-images/Vintage_kanchipuram_semi/PHOTO-2026-07-31-12-53-19_1.jpg"
SKU-VNT-006,Vintage Kanchipuram Semi Saree #006,2799,Vintage_kanchipuram_semi,Mustard Yellow,Semi Silk,Women,Free Size,10,"Exquisite handloom Vintage Kanchipuram Semi Saree #006 crafted with premium Semi Silk. Perfect for weddings, festive celebrations, and special occasions.","https://qclmaiqqfppunrodjpka.supabase.co/storage/v1/object/public/catelog-images/Vintage_kanchipuram_semi/PHOTO-2026-07-31-12-53-20.jpg, https://qclmaiqqfppunrodjpka.supabase.co/storage/v1/object/public/catelog-images/Vintage_kanchipuram_semi/PHOTO-2026-07-31-12-53-20_1.jpg, https://qclmaiqqfppunrodjpka.supabase.co/storage/v1/object/public/catelog-images/Vintage_kanchipuram_semi/PHOTO-2026-07-31-12-53-20_2.jpg"
SKU-VNT-007,Vintage Kanchipuram Semi Saree #007,2799,Vintage_kanchipuram_semi,Mustard Yellow,Semi Silk,Women,Free Size,10,"Exquisite handloom Vintage Kanchipuram Semi Saree #007 crafted with premium Semi Silk. Perfect for weddings, festive celebrations, and special occasions.","https://qclmaiqqfppunrodjpka.supabase.co/storage/v1/object/public/catelog-images/Vintage_kanchipuram_semi/PHOTO-2026-07-31-12-53-21.jpg, https://qclmaiqqfppunrodjpka.supabase.co/storage/v1/object/public/catelog-images/Vintage_kanchipuram_semi/PHOTO-2026-07-31-12-53-21_1.jpg, https://qclmaiqqfppunrodjpka.supabase.co/storage/v1/object/public/catelog-images/Vintage_kanchipuram_semi/PHOTO-2026-07-31-12-53-21_2.jpg"
SKU-VNT-008,Vintage Kanchipuram Semi Saree #008,2799,Vintage_kanchipuram_semi,Mustard Yellow,Semi Silk,Women,Free Size,10,"Exquisite handloom Vintage Kanchipuram Semi Saree #008 crafted with premium Semi Silk. Perfect for weddings, festive celebrations, and special occasions.","https://qclmaiqqfppunrodjpka.supabase.co/storage/v1/object/public/catelog-images/Vintage_kanchipuram_semi/PHOTO-2026-07-31-12-53-22.jpg, https://qclmaiqqfppunrodjpka.supabase.co/storage/v1/object/public/catelog-images/Vintage_kanchipuram_semi/PHOTO-2026-07-31-12-53-22_1.jpg"
